datetime,open,high,low,close,volume,signals
2020-01-01 23:57:00,7193.68,7197.57,7193.47,7197.57,60.173,-1
2020-01-02 03:57:00,7127.21,7130.0,7122.69,7127.29,385.985,1
2020-01-03 07:57:00,7196.99,7205.42,7196.69,7198.02,256.234,1
2020-01-05 23:57:00,7347.4,7360.71,7347.4,7354.36,353.14,-2
2020-01-06 03:57:00,7533.13,7542.0,7533.13,7538.65,375.454,2
2020-01-07 15:57:00,7754.29,7776.72,7754.21,7769.11,711.143,-2
2020-01-07 19:57:00,8074.0,8083.56,8070.0,8077.71,315.838,2
2020-01-10 07:57:00,7738.5,7754.38,7738.08,7752.37,371.342,-1
2020-01-10 15:57:00,8047.06,8080.0,8045.63,8066.68,429.548,1
2020-01-19 11:57:00,8714.38,8714.73,8692.83,8704.84,769.071,-2
2020-01-19 15:57:00,8641.71,8645.0,8637.75,8639.0,187.967,1
2020-01-20 03:57:00,8656.21,8678.71,8656.11,8671.56,440.058,1
2020-01-20 11:57:00,8626.81,8635.0,8610.69,8622.74,771.402,-1
2020-01-20 19:57:00,8680.51,8680.52,8673.16,8678.35,123.632,1
2020-01-21 07:57:00,8643.87,8644.0,8639.44,8639.96,89.331,-1
2020-01-21 23:57:00,8750.42,8750.43,8736.12,8742.43,180.579,1
2020-01-23 03:57:00,8606.0,8606.0,8599.64,8600.13,48.398,-1
2020-01-24 11:57:00,8399.79,8422.59,8396.77,8416.56,824.741,1
2020-01-25 03:57:00,8299.1,8303.92,8296.7,8299.65,181.683,-2
2020-01-25 07:57:00,8314.74,8319.95,8311.28,8319.17,139.171,1
2020-01-25 19:57:00,8364.57,8366.14,8361.02,8365.45,110.534,1
2020-02-02 03:57:00,9273.47,9276.32,9273.1,9274.37,111.964,-1
2020-02-02 11:57:00,9439.91,9445.53,9437.5,9442.87,361.69,1
2020-02-03 15:57:00,9299.19,9302.55,9280.0,9283.16,864.166,-1
2020-02-05 03:57:00,9228.75,9244.0,9228.15,9242.0,349.091,1
2020-02-10 07:57:00,9981.11,9991.08,9981.01,9985.67,251.738,-2
2020-02-11 03:57:00,9755.81,9759.91,9749.11,9749.24,268.958,1
2020-02-11 15:57:00,10183.64,10215.92,10182.23,10204.39,1620.307,1
2020-02-15 15:57:00,9965.0,9994.99,9954.34,9982.18,3094.217,-1
2020-02-16 07:57:00,9982.57,9983.26,9968.97,9969.22,365.372,1
2020-02-16 15:57:00,9882.8,9884.0,9869.13,9870.79,206.431,-1
2020-02-19 23:57:00,9613.0,9616.16,9593.31,9593.65,339.501,-1
2020-02-20 03:57:00,9582.45,9582.45,9568.42,9574.11,141.647,1
2020-02-21 03:57:00,9698.79,9710.0,9697.71,9709.82,90.948,1
2020-02-24 03:57:00,9772.37,9772.7,9755.38,9759.23,260.703,-2
2020-02-24 19:57:00,9611.68,9612.07,9605.84,9608.4,141.585,1
2020-02-29 15:57:00,8670.0,8670.0,8654.35,8657.77,383.598,-1
2020-02-29 23:57:00,8549.86,8551.9,8530.0,8531.98,907.531,1
2020-03-01 19:57:00,8554.58,8559.48,8536.71,8548.53,568.611,-1
2020-03-01 23:57:00,8561.39,8563.73,8537.73,8537.84,456.167,1
2020-03-03 07:57:00,8762.91,8764.0,8757.52,8759.12,129.703,-1
2020-03-08 03:57:00,8753.62,8757.65,8752.0,8756.73,118.461,1
2020-03-12 03:57:00,7658.27,7677.65,7653.56,7667.32,364.151,-1
2020-03-12 07:57:00,7399.43,7404.78,7388.67,7397.9,478.863,1
2020-03-15 23:57:00,5349.71,5368.32,5349.19,5357.32,459.581,-1
2020-03-16 07:57:00,4854.16,4858.0,4757.44,4783.83,2798.182,1
2020-03-18 19:57:00,5318.08,5325.0,5307.5,5322.62,550.292,1
2020-03-19 16:18:00,5953.79,5995.0,5948.05,5995.0,1832.45,-1
2020-03-20 23:57:00,6209.59,6237.53,6195.51,6203.77,898.844,-1
2020-03-22 19:57:00,5913.68,5921.19,5900.0,5907.6,461.999,1
2020-03-23 15:57:00,6198.99,6230.0,6191.11,6230.0,1270.874,1
2020-03-25 07:57:00,6669.6,6675.0,6661.5,6673.04,405.896,-2
2020-03-27 23:57:00,6361.03,6369.02,6350.0,6353.64,1012.257,1
2020-03-28 19:57:00,6208.42,6217.0,6204.7,6205.67,294.819,1
2020-03-29 07:57:00,6137.54,6150.09,6135.17,6148.84,546.089,-2
2020-03-29 11:57:00,6132.91,6136.35,6127.0,6135.49,303.666,1
2020-03-30 07:57:00,6236.01,6248.28,6234.0,6238.58,442.349,1
2020-03-31 11:57:00,6384.99,6390.0,6380.0,6383.68,277.674,-2
2020-04-01 23:57:00,6659.0,6673.0,6617.4,6641.51,2482.06,2
2020-04-03 03:57:00,6781.92,6785.95,6772.4,6779.46,876.757,-2
2020-04-06 17:36:00,7173.22,7190.0,7168.93,7189.99,711.179,1
2020-04-08 23:57:00,7347.04,7359.05,7347.04,7357.66,311.265,1
2020-04-10 03:57:00,7176.99,7184.21,7167.38,7172.94,821.116,-1
2020-04-14 11:57:00,6822.0,6828.98,6821.0,6823.7,431.493,-1
2020-04-15 23:57:00,6619.88,6624.0,6615.0,6616.89,424.571,1
2020-04-16 07:57:00,6871.94,6904.01,6861.98,6888.35,1887.333,1
2020-04-20 11:57:00,6977.87,6983.75,6952.78,6964.2,2744.389,-2
2020-04-20 19:57:00,6802.72,6803.51,6763.68,6766.71,3303.428,1
2020-04-23 15:57:00,7527.66,7529.21,7510.0,7528.14,1497.889,1
2020-04-30 05:48:00,9302.24,9371.76,9300.68,9351.97,6009.913,-1
2020-05-02 03:57:00,8833.1,8839.93,8832.0,8837.88,148.707,1
2020-05-03 15:57:00,8800.01,8829.41,8797.01,8817.73,1221.007,-2
2020-05-04 07:57:00,8650.0,8658.93,8645.25,8653.3,373.322,1
2020-05-04 15:57:00,8845.0,8848.12,8837.22,8848.0,836.157,1
2020-05-06 23:57:00,9103.69,9182.09,9097.32,9148.27,5093.576,-2
2020-05-07 07:57:00,9312.29,9320.0,9303.6,9312.13,1102.405,2
2020-05-10 00:18:00,8915.09,8988.0,7940.0,8052.0,34346.396,-1
2020-05-16 11:57:00,9396.92,9412.24,9395.1,9410.0,268.695,1
2020-05-18 11:57:00,9654.9,9656.38,9623.0,9628.68,770.411,-2
2020-05-18 23:57:00,9720.99,9731.11,9719.0,9731.1,186.773,2
2020-05-20 15:57:00,9422.31,9430.0,9400.0,9410.03,2388.325,-1
2020-05-22 11:57:00,9169.67,9170.0,9162.0,9162.0,161.824,1
2020-05-24 15:57:00,9068.16,9070.0,9050.0,9050.0,514.041,-1
2020-05-25 19:57:00,8932.25,8933.3,8922.18,8922.18,438.599,1
2020-05-26 15:57:00,8758.87,8760.08,8700.0,8720.48,3955.594,-2
2020-05-27 03:57:00,8838.94,8838.94,8824.32,8825.03,416.959,2
2020-05-29 11:57:00,9389.41,9396.0,9385.48,9396.0,357.685,-2
2020-05-30 07:57:00,9544.0,9544.01,9522.5,9523.52,558.57,2
2020-06-02 15:57:00,9481.94,9483.0,9464.01,9467.9,806.224,-2
2020-06-03 11:57:00,9607.78,9616.6,9597.86,9614.17,799.856,2
2020-06-05 11:57:00,9673.09,9697.25,9665.0,9697.25,1637.607,-2
2020-06-06 11:57:00,9678.07,9691.0,9678.06,9690.36,139.577,2
2020-06-07 11:57:00,9586.22,9587.27,9560.0,9573.97,1609.667,-2
2020-06-07 15:57:00,9481.35,9496.78,9472.98,9495.71,597.129,1
2020-06-07 19:57:00,9747.56,9823.13,9741.57,9771.75,7040.287,1
2020-06-11 07:57:00,9806.51,9808.88,9795.0,9801.0,892.145,-2
2020-06-11 15:57:00,9532.99,9538.02,9521.53,9525.02,701.304,1
2020-06-12 07:57:00,9426.24,9436.79,9425.17,9433.68,306.228,1
2020-06-15 03:57:00,9163.13,9168.64,9153.15,9160.68,884.803,-1
2020-06-15 15:57:00,9287.33,9303.46,9284.86,9290.01,1027.138,1
2020-06-16 15:57:00,9445.4,9449.99,9443.13,9449.66,232.664,-2
2020-06-16 23:57:00,9514.01,9520.0,9513.14,9519.12,160.341,2
2020-06-17 15:57:00,9391.27,9395.58,9381.07,9393.05,666.401,-2
2020-06-18 03:57:00,9425.64,9428.75,9421.69,9424.99,143.301,2
2020-06-18 23:57:00,9389.53,9389.98,9377.99,9381.59,324.658,-1
2020-06-19 15:57:00,9371.69,9377.5,9371.18,9377.15,184.038,1
2020-06-19 23:57:00,9302.2,9315.99,9301.51,9307.0,582.864,-2
2020-06-20 15:57:00,9255.0,9268.17,9254.1,9256.0,295.726,1
2020-06-21 19:57:00,9346.98,9349.0,9342.57,9347.82,121.135,-1
2020-06-22 07:57:00,9418.84,9420.66,9415.3,9416.73,292.629,2
2020-06-24 11:57:00,9350.0,9358.71,9331.04,9337.26,2195.068,-1
2020-06-27 15:57:00,9137.18,9139.84,9125.87,9130.0,590.793,-1
2020-06-27 19:57:00,8953.96,8970.0,8932.23,8932.93,2992.908,1
2020-06-29 07:57:00,9092.94,9095.59,9088.35,9095.0,232.618,-1
2020-06-29 15:57:00,9123.88,9132.85,9121.78,9121.78,885.432,2
2020-06-30 11:57:00,9151.0,9155.0,9149.06,9150.64,124.374,-2
2020-06-30 15:57:00,9165.59,9170.0,9160.0,9169.41,370.706,2
2020-06-30 23:57:00,9140.0,9141.0,9130.18,9138.87,386.219,-2
2020-07-02 15:57:00,9070.12,9076.7,9032.49,9049.61,2972.151,1
2020-07-03 19:57:00,9082.9,9084.0,9081.52,9083.35,108.323,-1
2020-07-04 19:57:00,9132.76,9132.77,9127.75,9131.33,117.495,2
2020-07-05 07:57:00,9060.29,9066.55,9060.29,9062.52,229.972,-2
2020-07-05 11:57:00,9036.76,9037.98,9034.41,9035.32,115.718,1
2020-07-05 23:57:00,9079.41,9093.0,9070.4,9071.86,873.71,1
2020-07-07 07:57:00,9261.99,9262.0,9259.52,9260.99,167.673,-2
2020-07-09 15:57:00,9219.0,9226.57,9210.1,9211.0,949.684,1
2020-07-10 15:57:00,9240.19,9249.55,9236.0,9245.55,534.738,1
2020-07-11 11:57:00,9200.29,9204.69,9197.5,9199.39,245.044,-2
2020-07-12 23:57:00,9291.25,9302.77,9290.26,9300.69,398.747,2
2020-07-13 19:57:00,9234.08,9237.24,9229.99,9233.45,480.973,-2
2020-07-14 07:57:00,9183.33,9187.1,9179.42,9180.56,213.135,1
2020-07-14 15:57:00,9227.37,9227.85,9220.0,9220.79,242.433,1
2020-07-15 07:57:00,9231.55,9231.56,9226.65,9227.83,150.202,-2
2020-07-15 15:57:00,9212.81,9216.0,9204.2,9204.21,223.175,1
2020-07-19 03:57:00,9159.07,9159.89,9155.77,9156.57,80.095,-1
2020-07-24 19:57:00,9578.98,9584.32,9578.97,9583.65,161.752,2
2020-08-02 01:39:00,11875.01,11919.38,11867.76,11904.51,1785.867,-1
2020-08-02 07:57:00,11364.91,11364.91,11320.0,11327.7,1066.626,-1
2020-08-02 23:57:00,11085.92,11095.67,11058.34,11079.72,521.038,1
2020-08-03 07:57:00,11209.0,11210.5,11206.81,11207.1,157.93,1
2020-08-10 15:57:00,11922.17,11931.57,11917.71,11930.8,566.311,-2
2020-08-10 19:57:00,11871.44,11883.2,11861.73,11869.79,153.871,2
2020-08-11 15:57:00,11507.36,11515.46,11483.92,11493.15,1144.741,-1
2020-08-12 07:57:00,11441.54,11467.96,11440.71,11450.69,648.157,1
2020-08-16 11:57:00,11769.59,11772.64,11762.0,11762.44,272.872,-2
2020-08-16 23:57:00,11922.09,11928.96,11914.11,11921.23,378.335,2
2020-08-19 15:57:00,11751.35,11758.32,11732.07,11735.22,616.464,-1
2020-08-20 11:57:00,11809.3,11825.25,11807.44,11825.0,773.98,1
2020-08-21 19:57:00,11688.34,11688.63,11675.36,11679.24,232.511,-1
2020-08-22 11:57:00,11555.46,11566.37,11550.0,11566.0,282.395,1
2020-08-23 11:57:00,11527.63,11539.31,11522.15,11532.84,301.674,-1
2020-08-23 19:57:00,11670.93,11688.83,11670.0,11686.39,155.291,1
2020-08-25 15:57:00,11435.13,11443.48,11430.36,11431.11,418.327,-1
2020-08-26 07:57:00,11359.1,11360.99,11350.0,11353.29,182.736,1
2020-08-27 11:57:00,11336.87,11336.87,11305.0,11316.77,1902.605,-1
2020-08-28 03:57:00,11378.76,11386.48,11378.76,11383.95,248.876,1
2020-08-31 11:57:00,11700.27,11703.09,11678.87,11688.99,624.292,-2
2020-08-31 15:57:00,11742.14,11749.87,11742.13,11748.99,274.355,2
2020-09-01 03:57:00,11690.84,11704.0,11690.84,11698.75,267.238,-2
2020-09-01 07:57:00,11924.99,11935.92,11920.97,11933.08,504.679,2
2020-09-02 03:57:00,11855.08,11855.09,11842.88,11844.12,501.796,-2
2020-09-02 11:57:00,11417.26,11423.91,11411.42,11417.49,507.789,1
2020-09-03 07:57:00,11411.16,11416.97,11395.36,11408.58,799.463,1
2020-09-03 11:57:00,11237.06,11237.07,11218.37,11218.97,1651.502,-2
2020-09-03 15:57:00,10657.98,10691.37,10655.0,10683.59,929.62,1
2020-09-08 11:57:00,9985.0,10006.3,9982.02,9987.07,1283.075,-1
2020-09-08 19:57:00,10007.03,10007.64,9991.45,9994.0,444.115,1
2020-09-10 23:57:00,10343.59,10345.0,10332.81,10335.91,187.954,-1
2020-09-16 07:57:00,10924.36,10927.0,10901.01,10910.7,1742.356,2
2020-09-17 03:57:00,10876.3,10877.79,10864.0,10867.12,1003.546,-2
2020-09-20 15:57:00,10836.06,10837.31,10826.84,10829.0,235.54,1
2020-09-21 11:57:00,10619.99,10639.34,10619.99,10634.48,725.758,-1
2020-09-21 15:57:00,10414.0,10424.61,10411.01,10415.61,326.139,1
2020-09-22 15:57:00,10455.12,10457.0,10445.42,10448.68,223.661,1
2020-09-23 19:57:00,10294.56,10294.98,10282.01,10288.97,364.829,-1
2020-09-25 11:57:00,10634.75,10634.75,10624.8,10624.8,249.135,-1
2020-09-30 19:57:00,10715.38,10716.9,10704.2,10704.65,270.228,2
2020-10-01 15:57:00,10721.35,10742.71,10706.03,10710.35,3222.09,-2
2020-10-01 19:57:00,10606.03,10613.48,10600.03,10611.01,536.333,1
2020-10-03 11:57:00,10534.8,10534.81,10530.0,10530.89,160.522,-1
2020-10-08 15:57:00,10886.45,10899.35,10886.45,10892.69,421.353,2
2020-10-12 11:57:00,11257.04,11260.0,11246.31,11246.32,232.854,-2
2020-10-12 15:57:00,11533.02,11551.71,11530.86,11551.71,987.563,2
2020-10-14 15:57:00,11333.52,11334.43,11305.0,11319.81,1051.959,-1
2020-10-16 07:57:00,11311.0,11321.5,11308.55,11309.01,572.464,-1
2020-10-16 19:57:00,11324.81,11329.21,11305.8,11307.66,676.654,1
2020-10-17 03:57:00,11357.13,11362.98,11355.22,11358.73,452.407,1
2020-10-28 11:57:00,13327.58,13354.37,13301.0,13314.95,4284.976,-2
2020-10-29 03:57:00,13254.39,13270.66,13254.39,13269.91,511.984,2
2020-10-30 07:57:00,13201.69,13215.0,13184.0,13215.0,1002.034,-2
2020-10-30 15:57:00,13506.99,13546.89,13505.0,13540.01,1794.456,2
2020-11-03 03:57:00,13380.0,13387.58,13357.0,13386.5,916.53,-2
2020-11-03 15:57:00,13684.14,13708.01,13681.5,13701.33,826.797,2
2020-11-04 07:57:00,13563.27,13596.11,13561.0,13592.83,1776.784,-2
2020-11-04 15:57:00,13885.2,13902.08,13881.4,13899.01,335.107,2
2020-11-09 15:57:00,15019.42,15050.0,15005.5,15006.9,943.904,-2
2020-11-10 03:57:00,15317.9,15339.21,15317.67,15333.01,369.954,2
2020-11-15 19:57:00,15860.0,15866.58,15841.0,15849.84,1112.656,-1
2020-11-16 03:57:00,16015.63,16017.98,15999.0,16001.08,258.788,1
2020-11-23 15:57:00,18305.56,18327.32,18280.42,18283.32,1113.423,-2
2020-11-24 11:57:00,19022.8,19100.0,19006.09,19089.69,1922.367,2
2020-11-25 23:57:00,18747.91,18777.0,18738.42,18741.67,694.148,-2
2020-11-26 03:57:00,17940.87,17976.99,17890.49,17930.0,1756.042,1
2020-11-27 03:57:00,17034.7,17113.5,17034.7,17084.05,1040.87,1
2020-11-27 11:57:00,16843.19,16844.01,16766.07,16797.19,572.577,-2
2020-11-27 15:57:00,16567.96,16570.51,16444.83,16514.7,3129.743,1
2020-12-02 11:57:00,19118.39,19157.95,19118.38,19130.01,302.953,1
2020-12-04 23:57:00,18700.0,18700.0,18650.0,18664.2,822.502,-1
2020-12-05 11:57:00,19017.12,19034.01,19002.71,19025.97,220.377,1
2020-12-08 11:57:00,18777.82,18794.12,18765.36,18765.94,416.874,-2
2020-12-08 15:57:00,18787.0,18822.0,18786.54,18804.99,598.662,1
2020-12-09 15:57:00,18347.89,18359.89,18335.0,18345.0,389.457,1
2020-12-10 11:57:00,18211.91,18212.49,18186.48,18190.0,310.267,-1
2020-12-11 19:57:00,17965.23,17983.39,17955.0,17969.19,349.575,1
2020-12-15 11:57:00,19323.86,19329.28,19289.68,19293.58,262.367,-2
2020-12-15 15:57:00,19390.61,19423.0,19383.92,19405.8,345.232,2
2020-12-19 16:15:00,23945.88,24250.0,23853.56,24237.36,9964.028,-1
2020-12-20 15:57:00,23873.82,23911.86,23856.0,23897.75,656.952,1
2020-12-21 11:57:00,22736.61,22766.0,22634.24,22663.0,1343.393,-2
2020-12-21 23:57:00,22809.87,22822.31,22710.0,22730.1,1457.126,1
2020-12-22 11:57:00,23104.78,23162.88,23092.0,23130.41,1010.223,1
2020-12-23 11:57:00,23124.99,23125.0,23076.32,23080.0,548.093,-2
2020-12-24 11:57:00,23255.73,23260.0,23232.05,23235.65,166.731,2
2020-12-30 19:00:00,28538.15,28865.03,28532.26,28828.01,4868.76,-1
2020-12-31 23:57:00,29001.78,29005.8,28934.65,28951.68,312.646,1
2021-01-03 19:57:00,32775.32,32840.0,32764.52,32823.72,389.185,-2
2021-01-04 10:15:00,29789.0,29796.42,27800.0,28580.05,18283.03,1
2021-01-04 23:57:00,32013.34,32068.0,31969.32,32031.07,547.758,1
2021-01-05 06:12:00,30333.79,30334.8,29900.0,30051.27,3994.615,-1
2021-01-05 15:57:00,32107.07,32152.85,32056.47,32133.79,393.377,1
2021-01-07 18:00:00,39822.21,39883.69,39755.0,39850.0,836.248,-1
2021-01-09 15:57:00,40630.75,40650.0,40565.0,40600.0,336.2,1
2021-01-10 11:57:00,39374.08,39448.64,39180.0,39233.99,910.644,-2
2021-01-10 19:57:00,37573.17,37660.08,37184.9,37531.91,3749.887,1
2021-01-16 03:57:00,36662.56,36688.63,36555.52,36564.81,450.15,1
2021-01-17 07:57:00,34890.01,34912.28,34766.0,34787.55,663.533,-1
2021-01-17 19:57:00,35672.07,35676.46,35561.0,35657.41,830.764,1
2021-01-18 03:57:00,35220.69,35239.39,35103.06,35148.25,431.633,-1
2021-01-18 11:57:00,36457.61,36520.0,36427.0,36499.32,827.699,1
2021-01-19 19:57:00,36475.32,36476.49,36332.49,36346.35,299.684,-2
2021-01-20 03:57:00,35316.99,35318.03,34989.41,35097.16,3619.332,1
2021-01-20 23:57:00,35572.26,35578.0,35416.96,35500.0,1051.144,1
2021-01-21 08:57:00,33635.88,33635.88,33191.71,33277.88,3754.592,-1
2021-01-23 23:57:00,32052.79,32122.88,32040.03,32086.48,427.552,1
2021-01-24 15:57:00,31892.25,31973.0,31888.0,31967.5,546.337,-2
2021-01-25 03:57:00,33639.99,33645.23,33561.02,33600.0,822.485,2
2021-01-25 23:57:00,32395.1,32404.68,32201.59,32253.68,415.677,-2
2021-01-26 03:57:00,31697.3,31712.49,31512.57,31520.68,858.017,1
2021-01-30 19:57:00,34356.37,34380.0,34325.54,34337.98,186.406,1
2021-02-06 23:57:00,39337.91,39360.0,39225.77,39249.54,631.171,-2
2021-02-08 03:57:00,38100.88,38140.27,38050.0,38120.84,409.58,2
2021-02-09 00:03:00,46693.49,47600.0,46684.0,47577.6,5435.899,-1
2021-02-11 07:57:00,44736.47,44795.15,44701.97,44750.25,320.858,1
2021-02-19 18:57:00,55424.48,55753.7,55358.62,55548.25,2338.819,-1
2021-02-21 07:57:00,56263.0,56271.08,56124.71,56169.88,439.022,1
2021-02-22 03:57:00,55994.55,56101.43,55879.63,55954.31,561.663,-2
2021-02-22 15:57:00,53400.05,53478.05,53233.3,53277.04,689.433,1
2021-02-26 15:57:00,47676.56,47704.0,47533.96,47620.54,790.559,1
2021-02-27 23:57:00,46089.95,46199.3,46006.0,46102.63,651.533,-1
2021-03-03 03:57:00,48725.01,48741.26,48657.01,48728.06,332.933,1
2021-03-04 19:57:00,48111.84,48175.99,47977.41,48019.76,659.63,-1
2021-03-05 15:57:00,48184.31,48199.0,47888.0,47888.0,883.8,1
2021-03-06 15:57:00,47511.46,47519.13,47255.0,47284.11,903.563,-1
2021-03-06 23:57:00,48893.41,48922.66,48845.0,48908.21,262.397,1
2021-03-13 19:33:00,60521.02,60766.86,60460.0,60700.0,1477.873,-1
2021-03-17 19:57:00,57840.0,57900.0,57773.23,57897.1,482.186,1
2021-03-18 19:57:00,57443.0,57513.1,57300.0,57359.68,1310.139,-2
2021-03-19 11:57:00,58728.33,58887.37,58700.78,58881.31,575.33,2
2021-03-21 07:57:00,57024.8,57041.0,56991.23,57011.46,279.048,-1
2021-03-21 19:57:00,57577.59,57596.37,57557.92,57567.86,130.117,1
2021-03-22 15:57:00,57198.89,57228.16,57050.1,57121.2,405.129,-2
2021-03-22 19:57:00,55865.52,55940.09,55536.83,55563.91,1633.963,1
2021-03-23 15:57:00,55245.22,55260.0,55186.6,55215.67,359.789,1
2021-03-24 23:57:00,52456.75,52573.48,52300.0,52311.54,1235.145,-2
2021-03-25 03:57:00,52181.23,52250.0,52123.87,52128.62,331.446,1
2021-03-27 19:57:00,55767.06,55830.0,55740.2,55784.28,145.02,1
2021-04-01 11:57:00,58598.81,58698.14,58594.14,58640.77,277.333,-2
2021-04-01 19:57:00,58977.91,59037.67,58973.03,58991.9,401.145,2
2021-04-03 19:57:00,58489.84,58660.3,58478.7,58657.0,494.934,-1
2021-04-04 15:57:00,58010.0,58021.0,57861.5,57957.58,835.476,1
2021-04-05 07:57:00,57210.82,57350.0,57210.82,57290.53,522.442,-2
2021-04-05 15:57:00,59071.81,59118.37,59014.94,59098.01,383.573,2
2021-04-07 11:57:00,56280.01,56388.0,56274.1,56376.7,646.375,-1
2021-04-08 07:57:00,57145.44,57145.44,57050.0,57067.4,420.196,1
2021-04-12 15:57:00,60078.91,60134.89,59944.78,60075.19,634.808,-2
2021-04-13 03:57:00,60611.02,60716.34,60579.52,60593.59,379.386,2
2021-04-16 07:57:00,61573.98,61590.0,61375.27,61513.57,815.369,-2
2021-04-16 11:57:00,60877.59,60960.0,60810.46,60939.48,466.332,1
2021-04-16 23:57:00,61616.2,61635.04,61410.86,61424.67,467.894,1
2021-04-17 11:57:00,61107.64,61119.36,60958.5,60973.99,438.884,-1
2021-04-21 03:57:00,55298.87,55336.8,55159.01,55205.66,632.408,-1
2021-04-21 23:57:00,53838.17,53902.61,53747.31,53800.0,649.093,1
2021-04-22 11:57:00,54833.01,54952.45,54800.0,54882.43,520.934,1
2021-04-22 19:57:00,53130.0,53263.27,52896.18,52940.59,1344.701,-2
2021-04-22 23:57:00,51823.6,51839.35,51711.0,51714.61,388.002,1
2021-04-25 19:57:00,49404.28,49424.96,49325.37,49354.08,546.033,-1
2021-04-25 23:57:00,48993.99,49065.11,48920.0,49063.94,491.659,1
2021-04-26 03:57:00,52295.74,52423.73,52291.88,52420.42,507.995,1
2021-04-28 07:57:00,54221.8,54315.76,54200.88,54278.97,340.225,-2
2021-04-29 19:57:00,52962.17,52986.0,52876.28,52894.68,260.193,1
2021-05-01 15:57:00,57375.94,57425.09,57343.69,57399.06,492.438,-1
2021-05-01 23:57:00,57816.39,57850.0,57810.04,57836.34,134.712,2
2021-05-02 03:57:00,56633.13,56647.07,56500.0,56510.01,998.85,-2
2021-05-03 03:57:00,58024.09,58037.61,57983.0,58004.55,280.57,2
2021-05-04 03:57:00,55532.07,55539.76,55470.76,55519.15,315.787,-1
2021-05-06 07:57:00,56814.38,56898.46,56789.63,56865.01,126.383,-1
2021-05-06 11:57:00,58011.16,58089.99,57987.0,58081.3,320.515,2
2021-05-06 19:57:00,56207.13,56229.53,56144.01,56186.01,543.002,-2
2021-05-07 15:57:00,57398.08,57558.06,57382.8,57558.06,391.029,2
2021-05-10 15:57:00,58052.62,58408.2,58020.23,58359.23,2996.251,-2
2021-05-10 19:57:00,55684.45,55966.76,55674.82,55828.14,2158.518,1
2021-05-11 15:57:00,56164.76,56185.25,56026.6,56084.25,462.284,1
2021-05-12 11:57:00,56517.02,56525.0,56432.48,56472.06,393.751,-2
2021-05-12 19:57:00,54362.83,54564.58,54351.61,54468.36,893.845,1
2021-05-16 19:57:00,45300.01,45600.0,45267.66,45573.29,4791.988,-1
2021-05-16 23:57:00,46413.41,46500.0,46348.2,46429.28,1470.17,1
2021-05-17 11:57:00,45700.9,45816.95,45700.0,45799.97,664.442,1
2021-05-17 15:57:00,43381.51,43511.84,43207.31,43401.14,2771.306,-2
2021-05-18 15:57:00,42877.42,43164.3,42806.92,43000.01,1848.028,1
2021-05-22 23:57:00,37424.93,37489.66,37360.23,37432.58,564.374,-1
2021-05-23 07:57:00,35744.04,35949.97,35738.38,35911.08,2480.606,1
2021-05-25 11:57:00,36679.08,36777.07,36510.0,36567.87,4362.421,-1
2021-05-26 01:42:00,38600.0,38900.0,38564.58,38815.4,1539.97,1
2021-05-26 19:57:00,38416.3,38497.26,38380.0,38474.08,1156.73,-1
2021-05-28 07:57:00,36781.13,36999.73,36771.45,36965.27,1711.375,1
2021-05-29 07:57:00,36234.72,36275.0,36174.17,36180.71,939.465,1
2021-05-29 11:57:00,35447.05,35485.64,35385.23,35388.92,932.808,-2
2021-05-29 15:57:00,34335.58,34469.27,34234.0,34452.15,1337.756,1
2021-05-31 03:57:00,34459.92,34537.98,34431.01,34498.65,1089.513,-1
2021-05-31 10:12:00,36566.49,36791.0,36464.38,36726.51,4794.51,1
2021-06-01 07:57:00,36838.62,36840.0,36761.45,36817.43,556.682,-1
2021-06-03 07:57:00,38617.57,38648.64,38603.5,38631.51,442.78,2
2021-06-04 03:57:00,37889.18,37966.0,37855.73,37945.72,718.498,-2
2021-06-05 11:57:00,35968.36,35982.13,35856.87,35863.07,1706.065,1
2021-06-06 19:57:00,35734.38,35760.0,35720.0,35754.77,460.568,-1
2021-06-07 19:57:00,35631.43,35680.0,35628.32,35642.68,665.362,1
2021-06-08 23:57:00,33410.0,33447.98,33357.0,33372.58,865.012,1
2021-06-09 23:27:00,37247.49,37400.0,37229.66,37393.57,2104.782,-1
2021-06-10 19:57:00,36709.25,36717.86,36643.25,36664.55,597.24,-1
2021-06-13 03:57:00,34936.47,34950.0,34863.59,34864.96,994.913,1
2021-06-17 19:57:00,37676.67,37750.0,37654.01,37682.27,815.103,-1
2021-06-17 23:57:00,38024.17,38061.4,37957.21,38060.71,878.166,1
2021-06-21 07:57:00,32909.01,32999.0,32904.18,32985.72,1721.02,-1
2021-06-21 11:57:00,32423.14,32549.65,32420.0,32513.16,1979.123,1
2021-06-22 11:57:00,31349.71,31399.0,31200.0,31243.15,2816.983,-1
2021-06-22 15:57:00,31584.4,31690.0,31550.0,31635.72,2558.678,1
2021-06-22 19:57:00,32513.24,32549.38,32374.66,32388.97,1506.435,1
2021-06-23 19:57:00,32927.99,32958.0,32855.0,32872.72,2865.603,-2
2021-06-24 17:03:00,34715.52,35071.17,34657.27,34879.91,6250.04,1
2021-06-25 11:57:00,33276.54,33358.77,33251.15,33300.0,2471.214,-1
2021-06-25 19:57:00,32214.5,32300.0,32190.05,32192.38,1292.7,1
2021-06-26 15:57:00,31581.92,31585.81,31470.0,31511.57,2762.198,1
2021-06-28 23:57:00,34395.8,34488.0,34395.8,34487.22,727.51,-2
2021-07-01 03:57:00,34179.49,34205.49,34120.0,34120.06,1679.174,1
2021-07-02 15:57:00,33554.91,33695.0,33554.91,33684.88,3577.625,1
2021-07-05 03:57:00,34367.43,34390.0,34335.0,34345.63,997.829,-2
2021-07-08 03:57:00,33325.0,33325.01,33275.66,33283.2,742.917,1
2021-07-09 11:57:00,32734.85,32762.19,32710.0,32751.07,599.566,-1
2021-07-09 15:57:00,33590.41,33649.4,33520.0,33537.49,1587.127,2
2021-07-10 19:57:00,33427.19,33444.0,33383.75,33403.08,432.735,-2
2021-07-12 15:57:00,33367.78,33375.0,33336.14,33340.32,685.709,1
2021-07-13 07:57:00,33136.67,33173.7,33136.66,33159.99,520.145,1
2021-07-13 11:57:00,33008.29,33069.09,33008.29,33032.23,1027.873,-1
2021-07-13 15:57:00,32752.55,32789.53,32732.72,32781.41,792.551,-1
2021-07-13 19:57:00,32303.2,32333.33,32250.02,32306.71,961.354,1
2021-07-14 15:57:00,32802.9,32807.27,32764.99,32772.97,450.473,1
2021-07-15 07:57:00,32438.01,32468.61,32425.0,32461.0,589.833,-2
2021-07-15 11:57:00,31899.33,31910.08,31863.14,31866.95,479.231,1
2021-07-16 11:57:00,31136.49,31141.81,31073.76,31080.62,925.526,-1
2021-07-16 23:57:00,31410.01,31425.0,31370.63,31382.95,503.058,1
2021-07-17 03:57:00,31281.01,31311.9,31272.2,31301.37,560.446,-1
2021-07-19 11:57:00,31269.03,31284.63,31253.46,31262.16,457.061,1
2021-07-30 03:57:00,39969.06,39989.26,39950.0,39951.21,196.447,1
2021-08-02 19:57:00,39193.14,39214.99,39121.08,39174.29,714.21,-1
2021-08-05 19:57:00,40713.62,40729.67,40653.99,40694.19,936.444,1
2021-08-08 15:57:00,44067.2,44071.8,43922.55,44000.56,1188.634,-2
2021-08-09 11:57:00,45799.79,45958.49,45792.93,45930.81,1842.082,2
2021-08-12 11:57:00,44911.17,44949.0,44706.74,44764.31,1852.838,-1
2021-08-13 03:57:00,45158.15,45183.97,45156.18,45162.37,232.673,1
2021-08-14 11:57:00,46539.88,46584.64,46530.0,46580.0,1469.308,-2
2021-08-14 23:57:00,47060.01,47088.5,47039.75,47083.74,266.109,2
2021-08-15 07:57:00,45739.97,45830.0,45729.9,45788.25,1182.738,-2
2021-08-15 19:57:00,46277.6,46340.0,46266.19,46335.28,416.021,2
2021-08-16 15:57:00,46304.57,46370.5,46290.0,46350.8,874.235,-2
2021-08-16 23:57:00,45970.0,46136.33,45920.17,45926.23,1054.811,1
2021-08-18 15:57:00,45736.47,45850.0,45726.0,45827.23,2276.372,1
2021-08-18 23:57:00,44880.05,44883.34,44700.0,44714.09,1308.896,-1
2021-08-19 15:57:00,45720.32,45816.88,45718.51,45789.99,1109.022,1
2021-08-24 15:57:00,48325.02,48388.02,48252.0,48370.25,2532.93,-1
2021-08-25 15:57:00,48744.1,48835.57,48736.31,48811.99,1190.602,1
2021-08-26 03:57:00,47992.57,47992.58,47870.67,47945.44,1085.781,-2
2021-08-26 07:57:00,46909.85,46929.28,46820.0,46920.11,974.533,1
2021-08-27 07:57:00,47448.52,47584.33,47432.89,47483.55,2349.969,1
2021-08-30 03:57:00,47943.48,48046.6,47926.3,47989.05,1417.649,-2
2021-08-30 19:57:00,48606.11,48671.0,48574.01,48666.62,989.157,2
2021-08-30 23:57:00,46978.87,47080.54,46963.56,47024.7,1166.348,-2
2021-08-31 03:57:00,47200.01,47201.26,47163.91,47177.21,266.66,1
2021-09-03 11:57:00,50188.15,50245.25,50150.5,50203.77,849.187,1
2021-09-06 15:57:00,51634.29,51646.75,51593.58,51631.84,277.501,-2
2021-09-06 19:57:00,51753.29,51769.39,51745.01,51756.43,147.113,2
2021-09-07 11:57:00,51095.04,51110.99,50985.89,50989.36,481.424,-2
2021-09-07 15:06:00,47519.98,47534.0,44000.0,44600.03,24920.111,1
2021-09-11 23:57:00,45135.92,45199.54,45130.0,45193.78,356.001,-1
2021-09-12 11:57:00,46076.98,46097.0,45998.74,46095.98,623.321,2
2021-09-13 03:57:00,44850.01,44923.36,44558.0,44626.0,4569.794,-2
2021-09-13 07:57:00,44506.74,44534.64,44410.06,44492.14,1440.768,1
2021-09-17 03:57:00,47858.19,47900.0,47850.0,47899.18,225.526,1
2021-09-19 11:57:00,47382.56,47400.0,47305.0,47344.16,761.675,-1
2021-09-23 15:57:00,43821.5,43834.41,43720.0,43740.46,692.576,-1
2021-09-24 11:57:00,41465.71,41612.64,41453.31,41510.06,1492.737,1
2021-09-25 11:57:00,42437.12,42540.54,42400.02,42472.89,971.338,-1
2021-09-26 07:57:00,41338.85,41342.2,41129.0,41214.97,3410.286,1
2021-09-27 15:57:00,43226.85,43321.42,43212.89,43266.54,1183.73,-1
2021-09-27 23:57:00,42177.27,42226.53,42116.0,42122.69,714.661,1
2021-09-29 19:57:00,41151.37,41217.8,41150.0,41198.42,457.062,-1
2021-09-30 03:57:00,43549.06,43732.71,43543.52,43566.97,3589.454,2
2021-10-03 17:51:00,48733.71,49304.12,48650.0,49004.2,11552.677,-1
2021-10-04 19:57:00,49307.73,49380.0,49261.1,49374.94,531.616,1
2021-10-10 23:57:00,54728.53,54843.8,54700.0,54700.0,496.144,-2
2021-10-11 03:57:00,56330.45,56571.48,56330.0,56538.24,1279.99,2
2021-10-12 07:57:00,57341.63,57390.0,57330.0,57335.3,185.751,-2
2021-10-12 11:57:00,57227.16,57270.92,57215.67,57259.99,203.074,2
2021-10-12 15:57:00,56316.26,56371.35,56283.01,56352.17,409.418,-2
2021-10-13 07:57:00,54723.17,54842.75,54631.25,54640.19,1275.334,1
2021-10-13 15:57:00,56174.99,56215.0,56140.92,56170.86,435.182,1
2021-10-16 15:57:00,60966.12,61038.84,60950.0,60988.97,296.128,-2
2021-10-17 23:57:00,61604.68,61621.71,61507.89,61571.45,554.526,2
2021-10-18 15:57:00,62078.74,62099.65,61965.91,62021.07,391.979,-2
2021-10-18 23:57:00,62009.48,62089.0,62001.96,62037.92,285.66,2
2021-10-21 03:57:00,65146.02,65263.6,65107.8,65125.63,1061.553,-2
2021-10-22 07:57:00,63161.97,63481.02,63158.55,63424.53,1369.359,2
2021-10-22 15:57:00,60793.93,60906.67,60727.52,60744.92,1119.603,-2
2021-10-22 19:57:00,60960.0,61111.0,60936.25,61087.33,1169.84,1
2021-10-23 11:57:00,61530.0,61600.0,61515.32,61592.68,423.052,1
2021-10-24 07:57:00,60759.3,60790.0,60732.55,60745.15,393.239,-1
2021-10-28 07:57:00,59020.01,59173.08,59020.0,59027.0,811.426,1
2021-10-31 11:57:00,60512.6,60546.07,60433.01,60523.94,498.945,-1
2021-10-31 23:57:00,61362.64,61375.4,61323.26,61348.61,188.19,1
2021-11-01 03:57:00,60061.65,60176.0,59600.0,59934.99,3133.605,-2
2021-11-01 07:57:00,62186.86,62280.0,62168.06,62257.67,407.515,2
2021-11-05 15:57:00,60834.92,60960.0,60791.22,60832.8,808.018,-2
2021-11-05 23:57:00,61078.21,61080.0,61006.0,61006.0,246.533,1
2021-11-06 19:57:00,61223.18,61245.0,61188.0,61220.0,249.545,1
2021-11-10 23:57:00,64948.62,65057.8,64918.51,64920.13,433.937,-2
2021-11-11 03:57:00,64790.59,64798.43,64708.62,64782.64,321.144,1
2021-11-11 15:57:00,64769.23,64874.98,64761.49,64848.18,214.891,1
2021-11-11 23:57:00,64923.92,64977.6,64831.3,64831.3,394.891,-1
2021-11-12 23:57:00,64346.59,64362.35,64141.52,64156.08,337.584,1
2021-11-13 03:57:00,63801.12,63840.96,63793.28,63827.76,80.388,-1
2021-11-13 15:57:00,64728.38,64749.32,64693.19,64744.23,165.792,1
2021-11-15 15:57:00,64461.82,64461.83,64340.09,64348.95,415.868,-2
2021-11-15 23:57:00,63849.21,63851.43,63522.17,63654.49,1266.788,1
2021-11-17 11:57:00,60609.19,60848.85,60575.65,60769.01,1483.2,1
2021-11-18 11:57:00,59375.26,59387.57,59188.4,59255.0,1168.644,-1
2021-11-20 15:57:00,57674.36,57741.04,57630.48,57633.69,513.881,-1
2021-11-20 19:57:00,59419.4,59468.17,59380.0,59460.97,187.234,2
2021-11-21 07:57:00,59030.0,59042.85,58994.17,59005.1,192.238,-2
2021-11-22 19:57:00,55894.41,56009.95,55844.14,56007.95,628.96,1
2021-11-24 03:57:00,56430.81,56482.5,56404.24,56432.31,202.797,-1
2021-11-26 11:57:00,53957.15,54053.44,53708.21,53766.35,3897.748,1
2021-11-28 03:57:00,54103.56,54176.78,54077.01,54176.78,213.306,-1
2021-11-29 00:00:00,57315.72,57558.98,57304.93,57485.18,2177.815,1
2021-11-29 15:57:00,57111.69,57149.81,57093.42,57143.02,451.895,-1
2021-11-29 19:57:00,58004.62,58004.62,57834.14,57929.53,894.258,2
2021-11-30 03:57:00,57091.36,57148.09,57075.48,57120.0,245.077,-2
2021-11-30 15:57:00,57750.41,57887.49,57260.0,57260.01,2887.185,2
2021-11-30 23:57:00,57029.22,57048.73,56892.2,56975.0,349.415,-2
2021-12-01 15:57:00,58630.0,58692.47,58536.72,58650.25,648.37,2
2021-12-01 23:57:00,57187.21,57250.0,57157.47,57209.29,198.803,-2
2021-12-02 03:57:00,56341.33,56437.44,56285.59,56328.39,606.136,1
2021-12-07 23:57:00,50662.68,50670.0,50552.03,50577.2,229.892,-1
2021-12-09 15:57:00,48421.03,48500.0,48394.76,48454.96,523.005,1
2021-12-10 19:57:00,48134.31,48146.74,48080.0,48101.35,148.46,-1
2021-12-10 23:57:00,47076.94,47287.54,47061.43,47136.35,1116.095,1
2021-12-13 03:57:00,48896.53,48915.89,48823.0,48852.97,318.42,-1
2021-12-13 15:57:00,47020.6,47256.4,47000.0,47239.07,2703.793,1
2021-12-14 11:57:00,47559.11,47636.24,47525.0,47599.9,622.116,1
2021-12-14 19:57:00,46918.46,46923.35,46805.72,46844.02,170.951,-2
2021-12-14 23:57:00,48350.26,48373.21,48321.0,48324.04,690.104,2
2021-12-15 15:57:00,46768.72,46777.99,46545.21,46622.38,1611.756,-2
2021-12-15 20:36:00,49328.69,49446.71,49223.67,49446.71,1363.413,1
2021-12-16 19:57:00,47834.96,47898.42,47783.25,47874.0,327.958,-1
2021-12-17 15:57:00,46432.22,46546.8,46429.6,46487.19,678.963,1
2021-12-19 15:57:00,47178.69,47231.99,47125.0,47228.69,374.718,-1
2021-12-20 11:57:00,46041.73,46106.92,46026.02,46074.13,343.426,1
2021-12-20 23:57:00,46939.9,46941.0,46856.92,46898.14,360.95,1
2021-12-22 15:57:00,48874.59,48888.0,48858.41,48858.42,290.574,-2
2021-12-27 17:30:00,51764.99,51820.0,51738.04,51805.48,772.676,1
2021-12-27 23:57:00,50722.63,50765.51,50657.4,50707.72,338.737,-1
2021-12-28 07:57:00,49181.35,49214.97,49178.49,49197.91,151.423,1
2021-12-29 15:57:00,47968.76,47983.58,47915.27,47941.37,386.918,1
2021-12-29 19:57:00,47106.37,47141.0,47050.0,47123.01,414.428,-2
2021-12-29 23:57:00,46434.64,46450.0,46374.04,46436.54,469.343,1
2021-12-31 19:57:00,45775.01,45813.96,45656.0,45707.62,1771.321,-1
2021-12-31 23:57:00,46250.19,46282.0,46127.85,46210.56,856.478,1
2022-01-03 15:57:00,46677.59,46729.04,46636.59,46689.99,1005.301,-1
2022-01-04 03:57:00,46341.12,46356.98,46306.57,46313.95,435.145,1
2022-01-04 11:57:00,46705.45,46718.49,46676.14,46709.98,288.173,1
2022-01-04 19:57:00,46009.2,46067.71,45977.81,46058.09,413.789,-2
2022-01-04 23:57:00,45850.18,45888.96,45831.57,45833.42,407.322,1
2022-01-05 19:57:00,44748.5,44753.95,44550.0,44673.22,3903.177,-1
2022-01-05 23:57:00,43517.93,43517.94,43364.91,43421.69,786.861,1
2022-01-07 03:57:00,41755.17,41832.56,41741.03,41789.97,1103.37,-1
2022-01-07 07:57:00,41666.4,41720.0,41638.94,41691.61,689.416,1
2022-01-08 15:57:00,41616.83,41642.73,41575.0,41600.72,321.48,-1
2022-01-08 19:57:00,40922.72,40936.26,40762.14,40837.51,915.05,1
2022-01-10 07:57:00,42031.98,42040.0,42000.48,42034.99,161.26,-1
2022-01-10 15:57:00,40857.74,41030.08,40844.99,40973.56,1201.653,1
2022-01-11 19:57:00,42996.79,43000.0,42924.34,42938.55,585.05,1
2022-01-13 07:57:00,43669.06,43690.0,43644.77,43682.7,203.131,-2
2022-01-17 15:57:00,42466.92,42472.52,42376.74,42467.49,810.728,1
2022-01-19 23:57:00,41702.93,41713.35,41648.76,41657.89,336.368,-1
2022-01-20 23:57:00,40615.34,40747.46,40562.5,40661.69,1516.645,1
2022-01-24 19:57:00,35923.17,36100.0,35872.05,36050.48,1440.938,1
2022-01-26 23:57:00,36814.72,36825.21,36750.33,36787.43,377.502,-2
2022-01-31 15:57:00,37703.16,37715.5,37651.0,37694.46,940.902,2
2022-02-01 19:57:00,38361.61,38374.33,38336.82,38356.04,389.326,-2
2022-02-02 23:57:00,36885.88,36967.45,36863.42,36892.03,586.743,1
2022-02-03 23:57:00,37042.0,37395.0,37041.99,37289.86,4522.333,1
2022-02-05 15:18:00,41660.33,41820.0,41658.0,41780.0,2236.731,-1
2022-02-06 07:57:00,41635.52,41636.39,41571.0,41588.0,435.499,1
2022-02-08 15:57:00,43439.08,43459.88,43402.32,43406.53,492.551,-2
2022-02-09 03:57:00,43286.3,43328.67,43278.83,43321.58,191.377,2
2022-02-10 23:57:00,43499.99,43512.39,43444.0,43471.29,388.349,-2
2022-02-11 03:57:00,43343.56,43350.0,43299.0,43310.87,434.793,1
2022-02-11 15:57:00,43704.71,43717.98,43600.0,43648.87,542.458,1
2022-02-11 19:57:00,42801.21,42859.36,42621.1,42725.35,1282.429,-2
2022-02-11 23:57:00,42384.03,42385.68,42350.0,42366.0,328.273,1
2022-02-12 19:57:00,42625.71,42646.74,42610.0,42644.67,205.286,1
2022-02-13 19:57:00,41995.84,42051.77,41995.84,42015.27,388.394,-1
2022-02-14 11:57:00,42128.87,42144.14,42088.0,42107.81,178.294,1
2022-02-17 15:57:00,41913.0,41925.4,41874.2,41907.7,633.773,-1
2022-02-21 11:57:00,37565.6,37593.8,37507.0,37549.9,1520.608,-1
2022-02-21 19:57:00,38087.4,38134.5,38062.2,38114.5,405.56,1
2022-02-22 15:57:00,37793.2,37819.2,37661.0,37744.7,1324.391,1
2022-02-23 19:57:00,37600.8,37630.0,37577.6,37602.8,460.862,-2
2022-02-24 03:57:00,35085.8,35158.8,34850.0,34907.8,3414.533,1
2022-02-24 19:57:00,37107.4,37365.1,37105.4,37272.3,2256.819,1
2022-02-26 11:57:00,38924.0,38956.2,38917.7,38921.0,240.449,-2
2022-02-28 17:57:00,41125.0,41489.0,41119.3,41415.1,5202.781,1
2022-03-07 15:57:00,39006.9,39087.7,38994.9,39062.3,521.149,1
2022-03-07 19:57:00,37332.5,37346.0,37150.8,37288.7,1945.144,-2
2022-03-09 03:12:00,39444.8,39597.0,39419.3,39582.2,1804.0,1
2022-03-10 03:57:00,40847.6,40847.6,40761.0,40765.4,249.697,-1
2022-03-11 11:57:00,39783.8,39924.3,39750.0,39878.4,1704.914,2
2022-03-11 19:57:00,38783.4,38790.0,38760.0,38776.1,143.243,-2
2022-03-11 23:57:00,38716.3,38753.1,38708.1,38713.0,633.153,1
2022-03-12 19:57:00,39011.9,39013.3,39006.7,39006.7,54.669,-1
2022-03-13 23:57:00,37792.2,37806.7,37726.9,37743.7,451.409,1
2022-03-14 07:57:00,39086.0,39176.8,39030.1,39062.2,2143.887,1
2022-03-15 07:57:00,38386.2,38438.2,38372.4,38428.0,346.128,-2
2022-03-15 19:57:00,39705.9,39733.7,39635.8,39730.7,789.685,2
2022-03-16 07:57:00,39526.2,39569.0,39519.8,39561.0,299.747,-2
2022-03-16 11:57:00,40535.0,40562.6,40488.0,40492.8,373.278,2
2022-03-21 23:57:00,41045.0,41051.2,40982.0,40982.0,205.366,-1
2022-03-22 03:57:00,42235.3,42235.4,42182.2,42230.0,721.145,1
2022-03-30 15:57:00,47156.9,47179.3,47128.0,47153.7,698.807,-2
2022-03-31 11:57:00,47161.8,47161.8,47137.7,47146.5,222.74,2
2022-03-31 15:57:00,46408.4,46454.6,46395.8,46450.0,654.797,-2
2022-03-31 19:57:00,45551.7,45700.0,45537.6,45578.1,881.961,1
2022-04-01 15:57:00,46521.6,46554.6,46477.9,46523.5,704.453,1
2022-04-02 15:57:00,46270.0,46292.3,46221.6,46284.1,313.206,-2
2022-04-03 07:57:00,46358.4,46366.4,46334.0,46363.7,102.81,2
2022-04-04 15:57:00,45611.0,45627.0,45560.0,45627.0,1120.102,-1
2022-04-04 23:57:00,46602.7,46618.0,46574.7,46580.9,295.49,1
2022-04-05 15:57:00,45749.0,45760.0,45734.3,45740.5,314.208,-2
2022-04-05 23:57:00,45474.8,45536.8,45451.3,45477.4,695.431,1
2022-04-07 11:57:00,43677.0,43740.0,43676.9,43739.9,324.606,1
2022-04-08 19:57:00,42707.0,42738.3,42640.4,42722.1,677.77,-1
2022-04-09 23:57:00,42762.6,42777.0,42721.8,42727.7,574.663,1
2022-04-10 23:57:00,42215.3,42231.5,42028.6,42140.4,1538.249,-2
2022-04-11 03:57:00,42094.0,42115.7,42075.0,42105.1,168.09,1
2022-04-12 19:57:00,39380.0,39383.6,39231.1,39281.1,2546.039,-1
2022-04-17 23:57:00,39676.9,39684.9,39642.6,39649.1,444.655,1
2022-04-18 19:57:00,40633.1,40708.2,40586.9,40670.4,1447.405,1
2022-04-20 19:57:00,41165.8,41219.9,41138.8,41177.6,444.989,-2
2022-04-21 23:57:00,40490.1,40500.9,40438.1,40449.8,611.844,1
2022-04-23 23:57:00,39419.5,39423.1,39374.3,39415.1,409.848,-1
2022-04-24 19:57:00,39659.2,39675.9,39658.6,39675.9,75.479,2
2022-04-24 23:57:00,39426.0,39452.5,39425.0,39433.4,213.248,-2
2022-04-25 03:57:00,39203.2,39254.0,39200.0,39226.2,692.568,1
2022-04-25 19:57:00,40210.9,40250.1,40161.0,40204.0,1158.102,1
2022-04-26 15:57:00,38673.3,38712.8,38530.2,38546.9,6161.492,-2
2022-04-26 19:57:00,38278.3,38380.0,38243.2,38250.8,1286.609,1
2022-04-29 03:57:00,39500.0,39537.9,39486.5,39528.2,388.247,-1
2022-04-30 15:57:00,38480.1,38480.1,38420.1,38439.9,302.126,1
2022-05-02 15:57:00,38646.6,38703.5,38646.6,38692.1,512.935,-1
2022-05-03 19:57:00,37713.8,37779.6,37684.7,37707.3,848.892,1
2022-05-04 07:57:00,38624.9,38697.7,38612.9,38673.1,1079.477,1
2022-05-05 11:57:00,39474.1,39500.0,39468.5,39499.0,416.423,-2
2022-05-05 15:57:00,36885.8,36958.8,36825.9,36886.4,3676.821,1
2022-05-12 15:57:00,29116.1,29127.1,29015.0,29015.1,2182.625,1
2022-05-13 19:57:00,30072.0,30090.0,30041.1,30076.0,293.576,-2
2022-05-18 15:57:00,28931.0,28986.7,28930.4,28971.9,648.228,1
2022-05-20 15:57:00,29153.0,29160.0,29116.1,29142.0,703.379,-1
2022-05-22 11:57:00,29885.0,29914.0,29839.2,29891.1,952.424,2
2022-05-23 19:57:00,29173.1,29206.8,29050.0,29062.8,4769.815,-2
2022-05-23 23:57:00,29087.1,29107.6,29074.2,29097.7,397.893,1
2022-05-25 11:57:00,29407.9,29427.8,29380.6,29403.5,705.023,-1
2022-05-26 11:57:00,29056.7,29082.6,28982.2,28992.8,941.778,1
2022-06-03 11:57:00,29748.9,29749.9,29711.2,29744.0,780.094,-1
2022-06-03 15:57:00,29474.7,29498.0,29471.3,29486.7,252.009,1
2022-06-05 07:57:00,29681.1,29691.6,29630.3,29630.6,1651.868,-1
2022-06-06 08:27:00,31407.4,31430.0,31383.2,31430.0,1003.116,1
2022-06-07 03:57:00,29565.2,29588.5,29547.4,29547.5,551.426,-1
2022-06-07 07:57:00,29561.3,29585.0,29560.0,29569.0,568.402,1
2022-06-07 19:57:00,31045.5,31082.0,30908.0,31050.5,4847.292,1
2022-06-08 07:57:00,30542.1,30594.4,30540.0,30547.9,585.43,-2
2022-06-10 15:57:00,29438.2,29475.0,29424.4,29438.2,516.741,1
2022-06-11 11:57:00,28662.6,28742.9,28662.6,28723.9,1344.845,-1
2022-06-11 15:57:00,28331.2,28443.8,28315.9,28392.3,1750.626,1
2022-06-17 19:57:00,20491.7,20522.7,20473.3,20506.6,943.892,-1
2022-06-18 07:57:00,19230.2,19310.1,19230.2,19244.9,2594.802,1
2022-06-20 23:57:00,20617.7,20617.8,20565.0,20570.1,1369.092,-1
2022-06-22 23:57:00,19963.8,19977.5,19958.3,19977.4,551.027,1
2022-06-24 15:57:00,20860.6,20892.9,20853.9,20875.4,978.112,-1
2022-06-27 15:57:00,20743.8,20761.1,20735.3,20744.0,757.296,1
2022-06-28 11:57:00,20987.1,21007.8,20984.3,20987.9,650.563,1
2022-06-28 15:57:00,20612.5,20630.0,20592.4,20595.4,1485.61,-2
2022-06-28 19:57:00,20250.5,20277.3,20246.6,20246.6,1006.087,1
2022-06-30 03:57:00,20067.1,20070.3,20060.9,20062.6,190.592,-1
2022-06-30 07:57:00,19403.9,19437.0,19395.0,19423.5,1128.644,1
2022-07-01 11:57:00,19178.2,19202.7,19155.9,19180.0,1495.007,-1
2022-07-03 11:57:00,19085.0,19086.5,19078.4,19080.0,393.902,1
2022-07-04 07:57:00,19109.9,19120.3,19108.2,19115.2,285.56,-1
2022-07-04 11:57:00,19767.5,19825.0,19767.4,19794.2,4233.542,2
2022-07-05 11:57:00,19523.6,19531.1,19486.0,19514.3,2406.454,-2
2022-07-05 23:57:00,20202.1,20205.0,20170.0,20170.0,994.238,2
2022-07-06 07:57:00,20162.2,20162.3,20123.1,20150.9,989.806,-2
2022-07-06 15:57:00,20122.1,20150.0,20121.0,20140.1,574.061,2
2022-07-08 11:57:00,21593.2,21593.3,21552.3,21577.7,1702.318,-2
2022-07-10 23:57:00,20864.1,20870.9,20834.8,20853.8,525.871,1
2022-07-13 19:57:00,19647.2,19666.3,19632.6,19644.7,845.492,-1
2022-07-13 23:57:00,20195.9,20287.5,20189.1,20220.1,2380.776,2
2022-07-14 11:57:00,19735.1,19749.0,19728.0,19728.0,396.359,-2
2022-07-14 15:57:00,20358.0,20388.7,20351.6,20379.3,2140.208,2
2022-07-16 03:57:00,20736.8,20742.0,20727.0,20727.3,248.039,-2
2022-07-18 06:30:00,21945.4,22172.8,21940.4,22142.9,10334.873,1
2022-07-18 23:57:00,22487.6,22650.0,22422.6,22423.9,9745.808,-1
2022-07-19 15:57:00,23027.6,23199.0,23016.0,23116.2,8413.349,2
2022-07-20 23:57:00,23208.4,23236.3,23173.6,23221.5,1340.59,-2
2022-07-21 19:57:00,23138.0,23193.0,23123.4,23193.0,1654.383,2
2022-07-22 19:57:00,22618.4,22642.6,22531.9,22578.9,6316.206,-1
2022-07-24 03:57:00,22318.7,22331.7,22310.6,22326.5,439.434,1
2022-07-25 03:57:00,21819.8,21860.0,21819.8,21858.0,1564.46,-1
2022-07-26 23:57:00,21226.1,21294.0,21211.6,21241.0,4589.77,1
2022-07-31 23:57:00,23313.4,23326.4,23290.0,23290.1,430.229,-1
2022-08-02 19:57:00,23003.4,23003.4,22922.9,22935.6,1979.89,1
2022-08-03 03:57:00,22815.9,22852.9,22801.0,22852.9,528.015,-1
2022-08-03 11:57:00,23354.0,23399.0,23354.0,23390.9,866.052,1
2022-08-03 23:57:00,22811.9,22835.5,22801.5,22801.5,784.354,-2
2022-08-04 19:57:00,22467.8,22487.5,22437.5,22439.1,1036.166,1
2022-08-05 03:57:00,23168.6,23185.2,23153.7,23158.5,949.535,1
2022-08-08 23:57:00,23788.5,23817.8,23788.2,23804.4,491.687,-2
2022-08-10 03:57:00,22868.4,22871.7,22838.2,22850.2,564.672,1
2022-08-10 11:57:00,23102.4,23111.0,23091.0,23108.3,327.922,1
2022-08-11 19:57:00,24169.9,24216.0,24153.8,24213.7,806.63,-2
2022-08-12 19:57:00,24150.0,24173.4,24150.0,24162.0,689.126,2
2022-08-15 07:57:00,24011.5,24019.5,23970.9,24010.8,1617.524,-2
2022-08-15 19:57:00,23997.5,23997.7,23964.0,23972.2,551.703,1
2022-08-16 07:57:00,23999.5,24054.3,23999.5,24054.1,960.224,1
2022-08-16 11:57:00,24013.1,24042.6,24013.0,24027.1,441.673,-1
2022-08-16 15:57:00,23902.1,23904.5,23881.2,23886.3,698.599,-1
2022-08-16 19:57:00,23922.1,23935.5,23911.5,23919.6,360.081,1
2022-08-17 03:57:00,24015.8,24015.9,23989.0,23996.9,638.907,1
2022-08-17 07:57:00,23799.1,23812.8,23769.9,23774.2,2265.828,-2
2022-08-17 11:57:00,23690.0,23739.0,23690.0,23737.2,1079.236,1
2022-08-18 07:57:00,23395.2,23405.3,23392.2,23402.5,270.358,1
2022-08-18 23:57:00,23204.8,23204.8,23181.8,23185.1,721.866,-1
2022-08-22 07:57:00,21094.1,21120.0,21038.6,21089.1,3943.391,-1
2022-08-26 11:57:00,21183.3,21199.9,21175.5,21179.7,1258.084,1
2022-08-30 15:57:00,19787.2,19791.1,19743.7,19743.8,2818.553,-1
2022-08-31 03:57:00,20384.7,20424.9,20365.3,20392.6,1688.332,2
2022-08-31 19:57:00,20228.8,20238.0,20204.0,20217.7,1256.479,-2
2022-09-01 15:57:00,19763.9,19775.8,19748.5,19775.8,711.453,1
2022-09-02 19:57:00,19870.1,19910.0,19870.0,19899.3,1161.185,-1
2022-09-03 07:57:00,19786.5,19815.0,19786.0,19808.2,1878.387,1
2022-09-04 15:57:00,19771.5,19786.0,19768.6,19781.6,1311.06,1
2022-09-05 07:57:00,19742.9,19744.2,19737.8,19740.0,230.331,-2
2022-09-05 11:57:00,19672.5,19695.0,19670.0,19692.9,600.181,1
2022-09-06 07:57:00,19898.3,19909.6,19894.3,19900.7,676.383,1
2022-09-06 19:57:00,18818.8,18846.8,18807.3,18813.0,1947.766,-2
2022-09-06 23:57:00,18793.4,18807.8,18768.0,18781.5,2198.278,1
2022-09-07 15:57:00,18878.6,18878.7,18856.3,18863.3,633.942,1
2022-09-09 12:36:00,21105.2,21299.0,21101.6,21172.7,11306.962,-1
2022-09-13 11:57:00,22531.9,22533.7,22505.4,22516.3,850.616,1
2022-09-13 14:00:00,21188.4,21189.3,21050.0,21135.2,12820.936,-1
2022-09-18 11:57:00,19911.7,19923.2,19911.7,19915.2,248.835,-1
2022-09-18 23:57:00,19388.8,19424.2,19388.8,19404.5,1329.456,1
2022-09-19 19:57:00,19480.3,19510.6,19478.8,19504.7,2087.457,1
2022-09-20 11:57:00,19214.1,19228.3,19209.5,19209.6,432.504,-2
2022-09-21 23:57:00,18539.7,18542.8,18445.8,18447.5,1383.374,1
2022-09-22 11:57:00,19227.1,19253.4,19205.6,19220.1,1593.84,1
2022-09-24 11:57:00,19042.6,19048.8,19037.7,19044.7,422.491,-2
2022-09-26 11:57:00,18841.8,18867.0,18836.0,18864.7,1042.672,2
2022-09-27 19:57:00,19104.8,19104.8,19061.8,19068.7,1959.824,-2
2022-09-28 03:57:00,18744.1,18744.1,18728.8,18736.0,629.296,1
2022-09-28 15:57:00,19458.0,19491.6,19450.3,19477.9,1883.813,1
2022-09-29 07:57:00,19350.0,19366.2,19343.9,19353.1,1757.753,-2
2022-10-01 19:57:00,19267.7,19270.8,19255.2,19257.0,255.132,1
2022-10-05 11:57:00,20012.8,20028.4,20011.3,20026.1,983.822,-1
2022-10-07 07:57:00,19930.7,19930.7,19912.2,19916.8,420.817,1
2022-10-13 07:57:00,18998.6,19008.0,18998.6,19000.1,910.089,-1
2022-10-13 11:57:00,18737.2,18754.5,18737.2,18744.9,1124.176,1
2022-10-13 19:57:00,19351.2,19362.3,19349.8,19360.9,830.977,1
2022-10-14 15:57:00,19343.2,19370.0,19343.1,19352.9,1518.309,-2
2022-10-19 23:57:00,19124.7,19127.0,19116.5,19116.7,265.846,1
2022-10-20 23:57:00,19040.5,19041.5,19033.0,19034.7,333.999,-1
2022-10-21 07:57:00,19026.0,19027.8,19017.4,19019.4,416.946,1
2022-10-21 15:57:00,19077.6,19170.0,19077.5,19158.7,9267.447,1
2022-10-23 07:57:00,19150.0,19151.6,19149.9,19151.6,196.726,-2
2022-10-23 19:57:00,19503.2,19503.3,19488.0,19492.2,747.348,2
2022-10-24 07:57:00,19310.8,19320.0,19310.4,19318.4,666.1,-2
2022-10-25 03:57:00,19327.5,19332.8,19327.5,19332.7,354.142,2
2022-10-31 15:57:00,20422.3,20423.2,20363.1,20390.4,3029.836,-2
2022-10-31 19:57:00,20367.6,20370.1,20350.1,20358.8,984.801,1
2022-11-01 07:57:00,20573.6,20590.3,20573.5,20590.2,359.374,1
2022-11-01 15:57:00,20407.3,20450.0,20407.3,20435.6,1629.284,-2
2022-11-02 15:57:00,20405.2,20405.3,20400.0,20400.2,265.178,1
2022-11-07 19:57:00,20838.9,20846.2,20826.0,20836.4,499.487,1
2022-11-07 23:57:00,20588.9,20592.0,20575.2,20578.6,501.38,-2
2022-11-08 03:57:00,20175.3,20207.9,20111.1,20140.6,9520.313,1
2022-11-11 07:57:00,17382.7,17420.0,17371.1,17397.3,1276.251,-1
2022-11-13 11:57:00,16661.0,16663.8,16651.8,16651.8,376.647,1
2022-11-14 07:57:00,16795.0,16827.9,16780.3,16813.0,1722.0,1
2022-11-14 19:57:00,16220.3,16250.0,16187.5,16245.0,3456.225,-2
2022-11-20 11:57:00,16530.3,16530.4,16511.3,16517.5,1001.117,1
2022-11-23 19:57:00,16470.7,16475.4,16459.9,16466.9,440.811,-1
2022-11-26 23:57:00,16446.9,16450.1,16445.7,16449.2,215.045,1
2022-11-29 23:57:00,16431.4,16434.6,16423.4,16433.2,431.98,-1
2022-11-30 03:57:00,16855.1,16862.1,16833.9,16836.7,1823.377,2
2022-12-01 11:57:00,17099.1,17099.2,17094.3,17096.9,374.533,-2
2022-12-03 23:57:00,16882.8,16883.5,16873.1,16879.5,430.027,1
2022-12-05 15:57:00,17065.0,17075.1,17061.3,17073.8,533.011,-1
2022-12-05 19:57:00,16921.1,16927.9,16911.5,16919.5,569.53,1
2022-12-09 15:57:00,17168.1,17170.7,17165.3,17170.4,313.667,-1
2022-12-11 23:57:00,17090.7,17090.7,17076.7,17077.3,629.388,1
2022-12-12 15:57:00,16997.2,17000.0,16996.0,16999.9,349.258,1
2022-12-16 11:57:00,17013.4,17019.7,17012.2,17018.6,267.88,-2
2022-12-16 15:57:00,16954.9,16971.7,16952.1,16961.8,890.583,1
2022-12-17 19:57:00,16683.9,16685.9,16682.7,16684.2,231.255,-1
2022-12-19 15:57:00,16668.9,16672.4,16660.2,16660.2,995.171,1
2022-12-20 07:57:00,16792.6,16798.4,16792.5,16796.1,288.328,1
2022-12-21 07:57:00,16815.1,16816.5,16806.0,16809.2,313.781,-2
2022-12-21 15:57:00,16841.0,16854.9,16840.8,16854.6,340.452,2
2022-12-21 19:57:00,16763.9,16768.1,16717.0,16746.8,4167.302,-2
2022-12-27 19:57:00,16672.4,16681.3,16669.7,16681.3,622.654,1
2022-12-29 11:57:00,16591.9,16593.8,16591.9,16593.8,105.363,1
2022-12-30 07:57:00,16470.9,16483.2,16457.6,16467.5,1552.076,-2
2022-12-30 11:57:00,16491.6,16491.7,16485.0,16489.5,255.584,1
2022-12-31 23:57:00,16534.2,16537.6,16530.2,16537.6,189.69,-1
2023-01-04 03:57:00,16824.0,16870.0,16824.0,16855.9,6118.892,2
2023-01-11 15:57:00,17316.0,17328.8,17315.9,17325.3,1414.707,-2
2023-01-11 19:57:00,17527.9,17543.0,17526.4,17540.6,666.358,2
2023-01-18 15:57:00,20983.3,21065.6,20965.2,21035.5,9012.325,-2
2023-01-18 23:57:00,20678.9,20695.7,20648.0,20680.0,2038.868,1
2023-01-19 15:57:00,20870.1,20879.3,20860.1,20870.7,606.333,1
2023-01-24 15:57:00,22936.6,22941.6,22915.6,22924.0,591.313,-2
2023-01-24 23:57:00,22631.4,22631.8,22597.3,22627.4,1130.195,1
2023-01-25 19:57:00,22744.8,22756.0,22742.6,22743.4,631.937,1
2023-01-30 19:57:00,22739.7,22789.8,22739.7,22783.7,1424.384,-1
2023-01-31 07:57:00,22942.0,22980.0,22942.0,22967.7,1034.541,1
2023-02-02 23:57:00,23449.1,23505.0,23423.2,23493.1,3144.576,-2
2023-02-03 15:57:00,23594.1,23607.0,23578.8,23601.1,938.147,2
2023-02-03 19:57:00,23338.3,23349.4,23297.0,23308.2,2246.928,-2
2023-02-04 15:57:00,23416.3,23420.1,23414.9,23420.1,149.477,2
2023-02-05 15:57:00,23101.6,23104.1,23083.8,23094.2,842.66,-2
2023-02-05 19:57:00,22896.3,22907.2,22885.8,22889.5,384.666,1
2023-02-06 15:57:00,23039.9,23054.9,22988.0,23040.5,7431.149,1
2023-02-06 23:57:00,22748.0,22757.9,22740.3,22757.7,512.914,-2
2023-02-07 03:57:00,22865.0,22877.2,22861.7,22870.9,335.778,1
2023-02-07 11:57:00,22982.0,22985.6,22970.3,22970.4,248.885,1
2023-02-09 03:57:00,22509.2,22532.8,22497.4,22511.6,951.452,-1
2023-02-13 23:57:00,21781.2,21785.1,21761.2,21766.2,963.706,1
2023-02-21 11:57:00,24591.6,24614.5,24555.0,24572.6,3847.204,-2
2023-02-22 03:57:00,24220.0,24223.1,24189.0,24198.8,1310.232,1
2023-02-23 03:57:00,24461.4,24461.5,24422.1,24444.3,1336.456,1
2023-02-23 11:57:00,23719.3,23779.5,23710.7,23767.6,1945.492,-2
2023-02-24 15:57:00,23360.0,23378.7,23310.5,23337.2,4978.366,1
2023-02-25 23:57:00,23160.2,23166.7,23146.2,23146.2,435.777,1
2023-02-27 19:57:00,23262.6,23291.3,23252.0,23262.5,430.572,-2
2023-02-28 03:57:00,23450.2,23459.9,23447.6,23454.3,158.312,2
2023-02-28 23:57:00,23106.8,23130.0,23106.2,23129.6,639.992,-2
2023-03-01 07:57:00,23709.1,23712.0,23698.1,23709.6,437.354,2
2023-03-01 19:57:00,23351.3,23359.4,23316.3,23342.9,2213.605,-2
2023-03-03 03:57:00,22308.8,22326.8,22303.5,22306.3,841.796,1
2023-03-06 03:57:00,22379.5,22380.0,22375.8,22378.0,144.865,-1
2023-03-06 15:57:00,22539.4,22558.5,22539.1,22543.6,1858.113,2
2023-03-06 23:57:00,22400.2,22400.2,22390.2,22397.1,123.845,-2
2023-03-07 19:57:00,22196.7,22196.7,22039.0,22118.6,10627.439,1
2023-03-08 15:57:00,22140.7,22148.2,22125.9,22129.5,620.195,1
2023-03-08 19:57:00,21991.8,22002.8,21990.0,21993.7,295.692,-1
2023-03-08 23:57:00,21691.2,21704.9,21690.5,21695.4,578.613,-1
2023-03-09 03:57:00,21758.9,21765.0,21754.9,21762.6,197.314,1
2023-03-20 03:57:00,27233.2,27276.5,27219.7,27264.3,1922.163,-1
2023-03-20 11:57:00,28204.4,28224.3,28162.2,28176.8,1288.07,2
2023-03-20 19:57:00,27782.9,27800.0,27760.2,27769.5,648.307,-2
2023-03-21 11:57:00,28019.4,28039.7,28011.7,28026.1,699.937,2
2023-03-22 19:57:00,26813.8,26823.7,26620.0,26654.1,7202.991,-2
2023-03-22 23:57:00,27251.0,27251.1,27231.0,27233.8,527.963,1
2023-03-25 15:57:00,27690.3,27713.4,27630.0,27631.4,4119.803,1
2023-03-25 19:57:00,27190.8,27195.0,27157.1,27179.5,976.606,-1
2023-03-26 03:57:00,27495.3,27517.3,27495.3,27517.3,219.254,1
2023-03-27 15:57:00,26893.3,26905.4,26869.4,26887.3,1293.036,-1
2023-03-28 15:57:00,26954.8,26992.7,26950.9,26984.9,711.951,1
2023-03-30 15:57:00,28254.9,28296.9,28248.4,28282.8,1781.974,-2
2023-03-31 15:57:00,28453.5,28498.2,28453.4,28488.5,1809.254,2
2023-04-03 03:57:00,27738.4,27745.2,27731.5,27738.1,247.2,-1
2023-04-03 11:57:00,28224.7,28254.1,28211.0,28243.4,1851.067,1
2023-04-03 23:57:00,27780.4,27798.4,27768.5,27786.1,494.176,-2
2023-04-04 07:57:00,28007.1,28016.9,27995.2,28013.2,572.512,2
2023-04-05 15:57:00,28076.4,28089.1,28000.0,28014.9,2435.624,-2
2023-04-06 19:57:00,28034.0,28045.9,28003.1,28005.0,747.329,2
2023-04-07 07:57:00,27767.9,27838.8,27762.8,27822.0,1568.295,-1
2023-04-07 19:57:00,27883.0,27886.4,27882.5,27886.4,74.353,1
2023-04-17 03:57:00,29970.6,29970.6,29963.1,29966.5,169.815,-2
2023-04-17 07:57:00,29845.5,29858.2,29822.0,29831.1,684.843,1
2023-04-18 07:57:00,29768.4,29774.3,29753.4,29756.8,772.239,1
2023-04-19 07:57:00,30062.9,30077.8,30060.1,30064.8,382.122,-2
2023-04-19 11:57:00,29288.0,29300.0,29287.6,29299.9,604.743,1
2023-04-24 03:57:00,27749.2,27780.2,27737.5,27780.0,530.257,1
2023-04-24 11:57:00,27477.0,27544.0,27476.9,27540.0,3115.081,-2
2023-04-24 15:57:00,27240.5,27260.0,27213.3,27256.0,1458.286,1
2023-04-25 07:57:00,27252.4,27267.3,27243.7,27252.3,515.398,-1
2023-04-25 19:57:00,27605.4,27644.7,27595.7,27596.1,891.053,2
2023-04-26 23:57:00,28391.0,28417.2,28373.3,28395.9,1049.018,-2
2023-04-27 07:57:00,28915.1,28915.4,28880.0,28880.0,471.333,2
2023-05-01 03:57:00,28544.6,28549.0,28538.4,28545.6,238.78,-1
2023-05-03 11:57:00,28552.4,28556.1,28515.0,28535.1,1050.168,-1
2023-05-03 23:57:00,28989.6,29018.4,28982.7,29018.4,572.919,2
2023-05-04 15:57:00,28856.8,28877.9,28850.0,28850.0,589.529,-2
2023-05-05 03:57:00,29180.8,29190.7,29167.5,29187.0,534.081,2
2023-05-07 03:57:00,28790.0,28803.8,28784.7,28790.8,208.979,-1
2023-05-07 07:57:00,28900.5,28914.1,28888.2,28891.9,391.26,1
2023-05-07 23:57:00,28429.6,28453.0,28383.4,28419.4,2649.908,-2
2023-05-08 03:57:00,28172.0,28198.9,28167.2,28188.0,847.172,1
2023-05-10 15:57:00,28138.6,28149.0,28131.1,28141.2,486.569,1
2023-05-10 23:57:00,27584.7,27596.2,27580.6,27582.9,278.937,-2
2023-05-11 11:57:00,27387.0,27396.0,27385.5,27393.2,299.055,1
2023-05-12 23:57:00,26775.5,26785.2,26763.6,26785.1,422.675,1
2023-05-13 23:57:00,26779.1,26779.1,26751.0,26762.7,427.151,-2
2023-05-17 11:57:00,26621.9,26634.6,26610.2,26626.5,955.21,1
2023-05-17 19:57:00,27386.6,27388.3,27350.0,27377.1,1251.773,1
2023-05-18 15:57:00,27074.7,27090.6,27031.0,27075.2,2850.157,-2
2023-05-18 19:57:00,26726.7,26753.7,26717.5,26719.3,784.82,1
2023-05-19 15:57:00,26879.0,26895.0,26868.2,26869.9,646.017,1
2023-05-19 19:57:00,26821.3,26833.3,26821.2,26826.4,271.704,-2
2023-05-21 23:57:00,26730.5,26738.6,26730.5,26732.8,270.495,1
2023-05-23 19:57:00,27172.1,27187.2,27167.3,27171.6,426.57,-1
2023-05-24 07:57:00,26684.5,26684.5,26654.9,26664.2,742.134,1
2023-05-25 15:57:00,26220.3,26220.3,26201.1,26216.9,484.468,1
2023-05-27 11:57:00,26690.6,26690.7,26687.6,26687.7,82.846,-2
2023-05-29 00:18:00,28277.7,28420.0,28256.3,28387.2,11727.805,1
2023-05-29 15:57:00,27624.1,27624.1,27600.5,27622.1,985.857,-1
2023-05-31 11:57:00,27073.4,27088.0,27072.0,27087.9,378.109,1
2023-06-02 03:57:00,26951.7,27015.5,26945.5,26985.1,3539.046,1
2023-06-03 07:57:00,27158.5,27164.5,27158.4,27161.3,129.833,-2
2023-06-05 03:57:00,26836.5,26836.5,26829.5,26835.9,266.459,1
2023-06-06 15:57:00,26050.0,26073.4,26030.5,26051.2,1382.193,1
2023-06-07 11:57:00,26843.3,26888.4,26820.1,26888.3,1773.954,-2
2023-06-10 03:57:00,26302.6,26319.0,26302.6,26312.6,337.891,1
2023-06-11 07:57:00,25738.1,25738.1,25726.2,25728.0,246.746,-1
2023-06-13 03:57:00,26067.8,26067.9,26040.1,26054.6,488.624,2
2023-06-13 15:57:00,25750.0,25769.6,25708.0,25750.9,2875.646,-2
2023-06-14 23:57:00,25115.4,25124.0,25115.0,25115.9,254.642,1
2023-06-15 19:57:00,25426.2,25451.3,25417.4,25443.0,1071.507,1
2023-06-17 19:57:00,26450.3,26468.0,26450.3,26466.2,280.73,-2
2023-06-19 15:57:00,26432.2,26434.6,26426.0,26431.1,199.732,2
2023-06-21 15:15:00,29564.9,29660.0,29538.4,29654.1,6440.112,-1
2023-06-25 03:57:00,30752.3,30752.3,30730.5,30742.0,568.173,1
2023-06-26 19:57:00,30287.4,30295.0,30225.8,30233.9,890.875,-2
2023-06-26 23:57:00,30259.5,30264.0,30256.4,30260.1,156.125,1
2023-06-27 03:57:00,30369.4,30377.2,30355.1,30360.0,603.457,1
2023-06-28 07:57:00,30189.9,30191.5,30170.0,30176.0,783.631,-1
2023-07-02 19:57:00,30558.1,30558.2,30545.9,30552.8,204.119,1
2023-07-05 11:57:00,30391.6,30402.2,30378.2,30395.0,665.043,-1
2023-07-06 03:57:00,30483.4,30488.0,30477.6,30477.7,166.581,1
2023-07-06 15:57:00,30406.5,30438.0,30386.3,30390.3,1319.937,-2
2023-07-06 19:57:00,30285.5,30306.7,30275.0,30294.6,246.798,1
2023-07-07 15:57:00,30382.5,30404.4,30374.1,30375.4,1000.075,1
2023-07-12 15:57:00,30490.2,30520.8,30477.1,30510.2,1570.582,-2
2023-07-13 11:57:00,30534.3,30535.5,30524.1,30530.6,473.232,2
2023-07-14 19:57:00,30048.0,30100.0,30044.3,30099.9,1158.82,-1
2023-07-15 19:57:00,30314.9,30315.0,30309.7,30309.7,77.098,1
2023-07-16 03:57:00,30176.0,30180.3,30167.3,30174.1,325.89,-1
2023-07-16 11:57:00,30291.4,30293.6,30291.2,30293.6,107.089,1
2023-07-17 11:57:00,30156.8,30157.0,30144.0,30145.0,719.039,-2
2023-07-17 19:57:00,29853.8,29906.0,29843.4,29870.0,708.379,1
2023-07-20 15:57:00,29789.1,29805.0,29789.1,29792.8,540.865,-1
2023-07-20 19:57:00,29713.4,29745.0,29713.3,29744.4,220.979,1
2023-07-21 15:57:00,29853.4,29854.9,29851.2,29852.0,101.647,1
2023-07-24 03:57:00,29683.1,29711.0,29683.1,29705.6,678.917,-2
2023-07-24 11:57:00,29243.1,29267.9,29243.1,29259.6,495.515,1
2023-07-26 07:57:00,29203.9,29206.3,29203.8,29205.3,113.822,-1
2023-07-26 15:57:00,29302.2,29313.0,29300.1,29307.2,164.802,2
2023-07-29 11:57:00,29254.0,29256.1,29253.2,29253.2,173.477,-2
2023-07-30 15:57:00,29313.2,29341.4,29313.1,29337.1,1099.974,2
2023-07-30 19:57:00,29159.0,29191.0,29127.3,29187.2,1541.728,-2
2023-07-31 03:57:00,29405.4,29411.8,29400.1,29411.8,280.441,2
2023-07-31 15:57:00,29253.7,29253.8,29230.6,29231.3,420.227,-2
2023-07-31 19:57:00,29180.3,29185.7,29100.0,29146.5,3675.008,1
2023-08-01 19:57:00,29270.7,29272.7,29258.2,29263.6,497.974,1
2023-08-02 15:57:00,29316.1,29326.4,29312.5,29312.6,181.721,-2
2023-08-04 19:57:00,29001.6,29033.9,29001.5,29021.0,613.411,1
2023-08-06 15:57:00,29003.4,29006.4,29001.0,29001.0,135.222,-1
2023-08-07 15:57:00,28828.3,28865.0,28821.2,28853.2,2804.633,1
2023-08-07 23:57:00,29205.1,29205.2,29202.6,29202.7,132.577,1
2023-08-09 19:57:00,29416.0,29432.9,29393.2,29404.2,1517.446,-2
2023-08-11 15:57:00,29367.0,29386.5,29365.8,29383.0,479.881,1
2023-08-14 23:57:00,29419.6,29419.6,29419.5,29419.5,79.953,-1
2023-08-15 11:57:00,29362.6,29362.6,29351.5,29357.1,489.766,1
2023-08-21 07:57:00,26000.7,26013.9,25993.6,26012.0,569.982,-1
2023-08-22 15:57:00,25934.0,25941.4,25923.0,25923.0,687.734,1
2023-08-24 15:57:00,26018.0,26018.2,25972.5,25987.3,2654.071,-1
2023-08-25 15:57:00,25923.5,25934.0,25880.0,25917.4,1486.823,1
2023-08-26 15:57:00,26038.9,26043.0,26037.0,26040.2,109.17,-1
2023-08-28 07:57:00,25910.2,25923.1,25910.1,25923.0,244.562,1
2023-08-28 15:57:00,26062.0,26093.3,26062.0,26093.3,408.515,1
2023-08-29 07:57:00,25995.1,25998.2,25987.4,25992.0,292.469,-2
2023-08-29 11:57:00,25970.0,25970.1,25962.2,25962.2,146.172,1
2023-08-29 15:57:00,27394.2,27427.9,27355.9,27411.4,1262.538,1
2023-08-30 07:57:00,27427.9,27428.5,27425.2,27427.2,135.724,-2
2023-08-31 23:57:00,25929.3,25931.5,25922.4,25928.0,280.321,1
2023-09-04 11:57:00,25885.3,25885.4,25877.9,25878.0,125.395,-1
2023-09-05 03:57:00,25679.4,25685.0,25671.4,25681.8,432.576,1
2023-09-05 15:57:00,25756.1,25756.2,25738.1,25747.9,423.513,1
2023-09-05 19:57:00,25675.8,25684.0,25668.0,25670.4,431.041,-2
2023-09-06 15:57:00,25605.0,25605.9,25573.6,25576.3,468.682,1
2023-09-07 11:57:00,25699.8,25702.1,25694.5,25695.5,280.433,-1
2023-09-07 19:57:00,25877.2,25885.0,25867.1,25867.1,223.376,2
2023-09-08 11:57:00,25825.9,25835.3,25822.3,25828.9,283.032,-2
2023-09-10 23:57:00,25832.5,25833.5,25826.9,25828.4,117.048,2
2023-09-11 03:57:00,25725.6,25728.1,25725.5,25727.4,78.851,-2
2023-09-11 11:57:00,25608.8,25608.8,25580.1,25591.9,445.263,1
2023-09-12 03:57:00,25819.0,25826.6,25785.0,25788.2,1510.034,1
2023-09-12 23:57:00,25834.9,25836.0,25802.0,25825.8,425.386,-2
2023-09-13 11:57:00,26200.2,26205.0,26175.4,26184.7,700.794,2
2023-09-16 11:57:00,26507.9,26510.7,26499.6,26510.7,129.703,-2
2023-09-18 03:57:00,26637.8,26646.3,26631.3,26646.2,260.634,2
2023-09-20 19:57:00,26930.4,26951.5,26904.7,26916.6,1084.326,-2
2023-09-21 11:57:00,26715.0,26728.3,26704.5,26722.7,436.344,1
2023-09-22 19:57:00,26542.6,26542.7,26519.1,26525.1,704.783,-1
2023-09-23 03:57:00,26525.0,26525.0,26519.0,26519.1,59.39,1
2023-09-24 03:57:00,26557.9,26560.0,26557.8,26559.9,70.383,-1
2023-09-24 19:57:00,26440.8,26440.9,26432.5,26432.5,236.347,1
2023-09-25 19:57:00,26331.4,26339.5,26308.2,26318.6,300.705,1
2023-09-26 11:57:00,26235.0,26264.9,26234.9,26262.4,625.608,-2
2023-09-26 15:57:00,26123.5,26130.2,26113.0,26114.8,310.31,1
2023-09-27 19:57:00,26253.7,26258.7,26248.2,26258.6,140.841,-1
2023-10-01 22:15:00,27214.2,28365.2,27214.1,28225.7,30530.889,1
2023-10-02 19:57:00,27950.0,27955.4,27926.7,27955.3,841.973,-1
2023-10-04 03:57:00,27402.7,27419.9,27402.6,27416.3,135.143,2
2023-10-09 11:57:00,27462.5,27486.4,27455.9,27455.9,608.245,-1
2023-10-09 23:57:00,27575.6,27582.1,27561.8,27578.3,329.657,1
2023-10-10 15:57:00,27415.5,27415.6,27380.0,27395.5,458.055,-1
2023-10-12 15:57:00,26667.8,26677.6,26656.4,26665.4,286.354,-1
2023-10-12 19:57:00,26708.4,26709.0,26700.0,26700.3,226.025,1
2023-10-13 15:57:00,26705.7,26705.7,26692.9,26693.0,266.773,-1
2023-10-14 03:57:00,26917.1,26920.0,26917.0,26918.2,106.799,2
2023-10-14 11:57:00,26859.7,26861.4,26859.6,26860.1,57.727,-2
2023-10-14 15:57:00,26914.8,26930.0,26911.8,26927.9,571.363,2
2023-10-14 23:57:00,26844.4,26844.4,26836.3,26836.3,67.447,-2
2023-10-16 13:27:00,28296.2,29488.0,28296.2,29466.7,63350.839,1
2023-10-19 07:57:00,28312.2,28325.0,28311.1,28315.0,234.166,1
2023-10-24 02:24:00,34852.1,35300.0,34830.0,35206.6,13914.337,-1
2023-10-27 03:57:00,34125.2,34132.9,34108.2,34124.0,158.108,1
2023-10-27 19:57:00,33663.2,33705.6,33662.0,33705.5,355.684,-1
2023-10-28 03:57:00,34044.9,34070.0,34036.5,34068.5,161.173,1
2023-11-02 15:57:00,34676.0,34713.3,34645.0,34645.2,1014.67,-2
2023-11-03 11:57:00,34266.6,34295.0,34261.6,34265.5,451.135,1
2023-11-03 19:57:00,34567.7,34580.0,34514.7,34518.1,1087.243,1
2023-11-07 11:57:00,34651.8,34651.9,34619.6,34633.3,510.484,-1
2023-11-07 19:57:00,35436.6,35505.9,35428.0,35473.4,616.952,1
2023-11-13 11:57:00,36823.5,36852.9,36821.6,36838.3,600.004,-1
2023-11-15 11:57:00,36260.2,36281.9,36229.0,36254.4,706.606,1
2023-11-16 11:57:00,37252.4,37279.9,37230.0,37272.1,799.148,-2
2023-11-17 07:57:00,36252.0,36252.4,36221.1,36252.0,466.5,2
2023-11-21 23:57:00,35850.0,35881.1,35720.0,35737.0,4445.463,-1
2023-11-22 11:57:00,36453.8,36470.0,36429.0,36465.9,596.148,1
2023-11-23 15:57:00,36950.3,36993.0,36913.2,36954.1,840.354,-2
2023-11-24 03:57:00,37328.7,37331.6,37314.0,37314.0,101.033,2
2023-11-27 03:57:00,37288.9,37300.3,37288.2,37295.8,174.45,-1
2023-11-27 23:57:00,37236.9,37250.5,37217.2,37234.3,254.753,1
2023-11-29 15:57:00,37806.1,37824.7,37788.7,37817.6,327.417,-2
2023-11-30 03:57:00,38014.8,38034.5,38010.6,38034.5,373.439,2
2023-12-11 03:57:00,42341.3,42361.8,42270.7,42312.8,984.565,-1
2023-12-16 07:57:00,42242.1,42250.0,42238.5,42243.1,100.303,1
2023-12-17 03:57:00,41934.4,41952.3,41915.1,41947.2,151.127,-1
2023-12-17 19:57:00,42153.9,42153.9,42114.7,42136.5,200.992,1
2023-12-17 23:57:00,41439.3,41452.6,41381.3,41396.5,587.612,-1
2023-12-18 19:57:00,41706.3,41744.3,41706.3,41715.4,402.094,1
2023-12-19 15:57:00,42489.5,42536.1,42485.0,42512.8,397.285,-2
2023-12-20 07:57:00,42948.0,42973.9,42943.6,42950.0,190.885,2
2023-12-22 07:57:00,43641.8,43653.3,43566.1,43614.1,1327.443,-2
2023-12-22 23:57:00,44010.9,44010.9,43976.6,43999.2,241.742,2
2023-12-24 23:57:00,43021.9,43027.0,42958.9,43008.4,657.858,-1
2023-12-25 15:57:00,43664.2,43671.5,43653.0,43661.0,240.418,1
2023-12-26 07:57:00,42804.0,42808.6,42792.9,42798.7,172.464,-2
2023-12-26 11:57:00,42727.5,42734.9,42702.3,42719.9,186.903,1
2023-12-27 07:57:00,42490.0,42502.3,42486.9,42495.9,115.93,1
2023-12-29 19:57:00,42152.4,42174.6,42137.4,42152.8,204.841,-1
2023-12-30 15:57:00,42395.8,42473.4,42394.4,42410.3,849.354,1
2023-12-30 23:57:00,42230.8,42230.8,42160.7,42174.2,607.158,-1
