date_time,executed_price,capital,signal,order_status,order_type,profit_loss%,stop_loss,margin_hit
2020-01-01 23:57:00,7197.57,1000.0,-1,SHORT,Market,0.0,7629.4241999999995,0
2020-01-02 03:57:00,7127.29,1008.264406598338,1,Squared_Off,Market,0.009764406598338016,0.0,0
2020-01-03 07:57:00,7198.02,1008.264406598338,1,LONG,Market,0.0,6766.138800000001,0
2020-01-05 23:57:00,7354.36,1028.651373608934,-2,SHORT,Market,0.02171986185089778,7795.6215999999995,0
2020-01-06 03:57:00,7538.65,1001.331828411743,2,LONG,Market,-0.025058604691638696,7086.331,0
2020-01-07 15:57:00,7769.11,1030.4410055049077,-2,SHORT,Market,0.030570460228290217,8235.256599999999,0
2020-01-07 19:57:00,8077.71,987.9647748196385,2,LONG,Market,-0.03972140953082147,7593.0474,0
2020-01-10 07:57:00,7752.37,946.691295176072,-1,Squared_Off,Market,-0.040276266417091,0.0,0
2020-01-10 15:57:00,8066.68,946.691295176072,1,LONG,Market,0.0,7582.6792000000005,0
2020-01-19 11:57:00,8704.84,1020.1645869546111,-2,SHORT,Market,0.079110613040309,9227.1304,0
2020-01-19 15:57:00,8639.0,1026.3504654027424,1,Squared_Off,Market,0.0075636082914792395,0.0,0
2020-01-20 03:57:00,8671.56,1026.3504654027424,1,LONG,Market,0.0,8151.2663999999995,0
2020-01-20 11:57:00,8622.74,1019.0326910710635,-1,Squared_Off,Market,-0.005629898195941643,0.0,0
2020-01-20 19:57:00,8678.35,1019.0326910710635,1,LONG,Market,0.0,8157.649,0
2020-01-21 07:57:00,8639.96,1012.9962960717775,-1,Squared_Off,Market,-0.004423651961490518,0.0,0
2020-01-21 23:57:00,8742.43,1012.9962960717775,1,LONG,Market,0.0,8217.8842,0
2020-01-23 03:57:00,8600.13,994.9883226886317,-1,Squared_Off,Market,-0.016276939020386905,0.0,0
2020-01-24 11:57:00,8416.56,994.9883226886317,1,LONG,Market,0.0,7911.5664,0
2020-01-25 03:57:00,8299.65,979.6749817059333,-2,SHORT,Market,-0.01389047306738143,8797.628999999999,0
2020-01-25 07:57:00,8319.17,975.9013653684042,1,Squared_Off,Market,-0.002351906405691859,0.0,0
2020-01-25 19:57:00,8365.45,975.9013653684042,1,LONG,Market,0.0,7863.523000000001,0
2020-02-02 03:57:00,9274.37,1080.470813263648,-1,Squared_Off,Market,0.10865165651578815,0.0,0
2020-02-02 11:57:00,9442.87,1080.470813263648,1,LONG,Market,0.0,8876.2978,0
2020-02-03 15:57:00,9283.16,1060.5757906985802,-1,Squared_Off,Market,-0.016913290133190536,0.0,0
2020-02-05 03:57:00,9242.0,1060.5757906985802,1,LONG,Market,0.0,8687.48,0
2020-02-10 07:57:00,9985.67,1144.3255890195453,-2,SHORT,Market,0.0804663492750487,10584.8102,0
2020-02-11 03:57:00,9749.24,1169.7032164051022,1,Squared_Off,Market,0.023676929039313364,0.0,0
2020-02-11 15:57:00,10204.39,1169.7032164051022,1,LONG,Market,0.0,9592.1266,0
2020-02-15 15:57:00,9982.18,1142.47729565687,-1,Squared_Off,Market,-0.02177592193163914,0.0,0
2020-02-16 07:57:00,9969.22,1142.47729565687,1,LONG,Market,0.0,9371.066799999999,0
2020-02-16 15:57:00,9870.79,1129.4834554698125,-1,Squared_Off,Market,-0.00987339029532887,0.0,0
2020-02-19 23:57:00,9593.65,1129.4834554698125,-1,SHORT,Market,0.0,10169.269,0
2020-02-20 03:57:00,9574.11,1130.0897214156232,1,Squared_Off,Market,0.002036763901121998,0.0,0
2020-02-21 03:57:00,9709.82,1130.0897214156232,1,LONG,Market,0.0,9127.2308,0
2020-02-24 03:57:00,9759.23,1134.1452323794672,-2,SHORT,Market,0.0050886628176423305,10344.7838,0
2020-02-24 19:57:00,9608.4,1149.9723569718276,1,Squared_Off,Market,0.015455112749673892,0.0,0
2020-02-29 15:57:00,8657.77,1149.9723569718276,-1,SHORT,Market,0.0,9177.236200000001,0
2020-02-29 23:57:00,8531.98,1164.9555141270716,1,Squared_Off,Market,0.014529145495895695,0.0,0
2020-03-01 19:57:00,8548.53,1164.9555141270716,-1,SHORT,Market,0.0,9061.4418,0
2020-03-01 23:57:00,8537.84,1164.6648663436806,1,Squared_Off,Market,0.0012505073971782877,0.0,0
2020-03-03 07:57:00,8759.12,1164.6648663436806,-1,SHORT,Market,0.0,9284.6672,0
2020-03-08 03:57:00,8756.73,1163.2356577067892,1,Squared_Off,Market,0.00027285846066742284,0.0,0
2020-03-12 03:57:00,7667.32,1163.2356577067892,-1,SHORT,Market,0.0,8127.3592,0
2020-03-12 07:57:00,7397.9,1202.3654450203212,1,Squared_Off,Market,0.03513874469827789,0.0,0
2020-03-15 23:57:00,5357.32,1202.3654450203212,-1,SHORT,Market,0.0,5678.7591999999995,0
2020-03-16 07:57:00,4783.83,1329.2726251767856,1,Squared_Off,Market,0.10704792694854887,0.0,0
2020-03-18 19:57:00,5322.62,1329.2726251767856,1,LONG,Market,0.0,5003.2627999999995,0
2020-03-19 16:18:00,5995.0,1495.199087732076,-1,Squared_Off,TP,0.1263250053545059,0.0,0
2020-03-20 23:57:00,6203.77,1495.199087732076,-1,SHORT,Market,0.0,6575.9962000000005,0
2020-03-22 19:57:00,5907.6,1564.3375804464833,1,Squared_Off,Market,0.04774032564069913,0.0,0
2020-03-23 15:57:00,6230.0,1564.3375804464833,1,LONG,Market,0.0,5856.2,0
2020-03-25 07:57:00,6673.04,1673.2373215302293,-2,SHORT,Market,0.07111396468699839,7073.4223999999995,0
2020-03-27 23:57:00,6353.64,1750.8157012690976,1,Squared_Off,Market,0.04786424178485363,0.0,0
2020-03-28 19:57:00,6205.67,1750.8157012690976,1,LONG,Market,0.0,5833.3298,0
2020-03-29 07:57:00,6148.84,1732.1559380183182,-2,SHORT,Market,-0.009157754118411054,6517.7704,0
2020-03-29 11:57:00,6135.49,1733.318459273654,1,Squared_Off,Market,0.002171141223385283,0.0,0
2020-03-30 07:57:00,6238.58,1733.318459273654,1,LONG,Market,0.0,5864.2652,0
2020-03-31 11:57:00,6383.68,1771.0328653773065,-2,SHORT,Market,0.023258497927413028,6766.7008000000005,0
2020-04-01 23:57:00,6641.51,1696.8461949453128,2,LONG,Market,-0.04038892926963756,6243.0194,0
2020-04-03 03:57:00,6779.46,1729.545912499667,-2,SHORT,Market,0.020770878911572793,7186.2276,0
2020-04-06 17:36:00,7189.99,1622.2189919991522,1,Squared_Off,SL,-0.06055497045487395,0.0,0
2020-04-08 23:57:00,7357.66,1622.2189919991522,1,LONG,Market,0.0,6916.2004,0
2020-04-10 03:57:00,7172.94,1579.0585448073693,-1,Squared_Off,Market,-0.025105808096595964,0.0,0
2020-04-14 11:57:00,6823.7,1579.0585448073693,-1,SHORT,Market,0.0,7233.121999999999,0
2020-04-15 23:57:00,6616.89,1624.5474386572319,1,Squared_Off,Market,0.030307604378855973,0.0,0
2020-04-16 07:57:00,6888.35,1624.5474386572319,1,LONG,Market,0.0,6475.049,0
2020-04-20 11:57:00,6964.2,1639.9990702088426,-2,SHORT,Market,0.01101134524232936,7382.052,0
2020-04-20 19:57:00,6766.71,1684.045980706591,1,Squared_Off,Market,0.028357887481692053,0.0,0
2020-04-23 15:57:00,7528.14,1684.045980706591,1,LONG,Market,0.0,7076.4516,0
2020-04-30 05:48:00,9351.97,2089.510940195695,-1,Squared_Off,TP,0.2422683425122273,0.0,0
2020-05-02 03:57:00,8837.88,2089.510940195695,1,LONG,Market,0.0,8307.607199999999,0
2020-05-03 15:57:00,8817.73,2081.612675468504,-2,SHORT,Market,-0.0022799585420937643,9346.7938,0
2020-05-04 07:57:00,8653.3,2117.3074545581335,1,Squared_Off,Market,0.018647656483017774,0.0,0
2020-05-04 15:57:00,8848.0,2117.3074545581335,1,LONG,Market,0.0,8317.12,0
2020-05-06 23:57:00,9148.27,2185.985461434634,-2,SHORT,Market,0.03393648282097654,9697.1662,0
2020-05-07 07:57:00,9312.13,2143.5520225946575,2,LONG,Market,-0.017911583282959373,8753.402199999999,0
2020-05-10 00:18:00,8052.0,1850.268341752954,-1,Squared_Off,SL,-0.13532134968047047,0.0,0
2020-05-16 11:57:00,9410.0,1850.268341752954,1,LONG,Market,0.0,8845.4,0
2020-05-18 11:57:00,9628.68,1890.4915238284793,-2,SHORT,Market,0.0232391073326249,10206.4008,0
2020-05-18 23:57:00,9731.1,1867.5466810505495,2,LONG,Market,-0.010636972046012544,9147.234,0
2020-05-20 15:57:00,9410.03,1803.1271253839902,-1,Squared_Off,Market,-0.032994214425912764,0.0,0
2020-05-22 11:57:00,9162.0,1803.1271253839902,1,LONG,Market,0.0,8612.28,0
2020-05-24 15:57:00,9050.0,1778.3802781751756,-1,Squared_Off,Market,-0.012224405151713599,0.0,0
2020-05-25 19:57:00,8922.18,1778.3802781751756,1,LONG,Market,0.0,8386.8492,0
2020-05-26 15:57:00,8720.48,1735.5096069341305,-2,SHORT,Market,-0.0226065826961573,9243.7088,0
2020-05-27 03:57:00,8825.03,1712.0992849529346,2,LONG,Market,-0.011989018953085276,8295.5282,0
2020-05-29 11:57:00,9396.0,1820.3021281614613,-2,SHORT,Market,0.06469893020193691,9959.76,0
2020-05-30 07:57:00,9523.52,1792.8670211395947,2,LONG,Market,-0.013571732652192468,8952.1088,0
2020-06-02 15:57:00,9467.9,1779.7068796041613,-2,SHORT,Market,-0.005840277544437435,10035.974,0
2020-06-03 11:57:00,9614.17,1749.5425500878157,2,LONG,Market,-0.015449043610515578,9037.3198,0
2020-06-05 11:57:00,9697.25,1762.0367535201585,-2,SHORT,Market,0.00864141158311117,10279.085,0
2020-06-06 11:57:00,9690.36,1760.645644377839,2,LONG,Market,0.0007105107117996771,9108.938400000001,0
2020-06-07 11:57:00,9573.97,1736.8577271344323,-2,SHORT,Market,-0.012010905683586702,10148.4082,0
2020-06-07 15:57:00,9495.71,1748.449945416374,1,Squared_Off,Market,0.008174247464740356,0.0,0
2020-06-07 19:57:00,9771.75,1748.449945416374,1,LONG,Market,0.0,9185.445,0
2020-06-11 07:57:00,9801.0,1751.0609452139788,-2,SHORT,Market,0.0029933225880727607,10389.06,0
2020-06-11 15:57:00,9525.02,1797.7413428442298,1,Squared_Off,Market,0.028158351188654174,0.0,0
2020-06-12 07:57:00,9433.68,1797.7413428442298,1,LONG,Market,0.0,8867.6592,0
2020-06-15 03:57:00,9160.68,1743.0201352748381,-1,Squared_Off,Market,-0.028938865850866257,0.0,0
2020-06-15 15:57:00,9290.01,1743.0201352748381,1,LONG,Market,0.0,8732.609400000001,0
2020-06-16 15:57:00,9449.66,1770.3596271447361,-2,SHORT,Market,0.017185126819023837,10016.6396,0
2020-06-16 23:57:00,9519.12,1754.6910078999335,2,LONG,Market,-0.007350529013742393,8947.972800000001,0
2020-06-17 15:57:00,9393.05,1728.820069539389,-2,SHORT,Market,-0.013243871282219525,9956.633,0
2020-06-18 03:57:00,9424.99,1720.3481830858548,2,LONG,Market,-0.0034003864559435447,8859.4906,0
2020-06-18 23:57:00,9381.59,1709.8458368999088,-1,Squared_Off,Market,-0.004604779421516589,0.0,0
2020-06-19 15:57:00,9377.15,1709.8458368999088,1,LONG,Market,0.0,8814.521,0
2020-06-19 23:57:00,9307.0,1694.4897951609203,-2,SHORT,Market,-0.007480951035229216,9865.42,0
2020-06-20 15:57:00,9256.0,1701.233434869512,1,Squared_Off,Market,0.005479746427420221,0.0,0
2020-06-21 19:57:00,9347.82,1701.233434869512,-1,SHORT,Market,0.0,9908.689199999999,0
2020-06-22 07:57:00,9416.73,1686.140479304731,2,LONG,Market,-0.007371772242084235,8851.7262,0
2020-06-24 11:57:00,9337.26,1669.3815323726355,-1,Squared_Off,Market,-0.008439235275939668,0.0,0
2020-06-27 15:57:00,9130.0,1669.3815323726355,-1,SHORT,Market,0.0,9677.8,0
2020-06-27 19:57:00,8932.93,1702.9108684623216,1,Squared_Off,Market,0.021584884994523518,0.0,0
2020-06-29 07:57:00,9095.0,1702.9108684623216,-1,SHORT,Market,0.0,9640.7,0
2020-06-29 15:57:00,9121.78,1695.3423237036168,2,LONG,Market,-0.0029444749862562567,8574.4732,0
2020-06-30 11:57:00,9150.64,1698.1631295013685,-2,SHORT,Market,0.0031638561771933503,9699.678399999999,0
2020-06-30 15:57:00,9169.41,1692.132574138055,2,LONG,Market,-0.002051222646722026,8619.2454,0
2020-06-30 23:57:00,9138.87,1683.9584915270564,-2,SHORT,Market,-0.0033306395940413893,9687.202200000002,0
2020-07-02 15:57:00,9049.61,1697.8798973840728,1,Squared_Off,Market,0.009767071858993531,0.0,0
2020-07-03 19:57:00,9083.35,1697.8798973840728,-1,SHORT,Market,0.0,9628.351,0
2020-07-04 19:57:00,9131.33,1686.3645496846732,2,LONG,Market,-0.005282192142766662,8583.4502,0
2020-07-05 07:57:00,9062.52,1671.1272434577588,-2,SHORT,Market,-0.0075355944862357934,9606.271200000001,0
2020-07-05 11:57:00,9035.32,1673.6362282569628,1,Squared_Off,Market,0.003001372686625875,0.0,0
2020-07-05 23:57:00,9071.86,1673.6362282569628,1,LONG,Market,0.0,8527.5484,0
2020-07-07 07:57:00,9260.99,1706.0177166749636,-2,SHORT,Market,0.020847984867491252,9816.6494,0
2020-07-09 15:57:00,9211.0,1712.6676219373228,1,Squared_Off,Market,0.0053979110224716565,0.0,0
2020-07-10 15:57:00,9245.55,1712.6676219373228,1,LONG,Market,0.0,8690.817,0
2020-07-11 11:57:00,9199.39,1701.5478325655029,-2,SHORT,Market,-0.004992672150385846,9751.3534,0
2020-07-12 23:57:00,9300.69,1680.2587472444081,2,LONG,Market,-0.011011599682152958,8742.6486,0
2020-07-13 19:57:00,9233.45,1665.5908089778304,-2,SHORT,Market,-0.007229571139345551,9787.457,0
2020-07-14 07:57:00,9180.56,1672.633070938864,1,Squared_Off,Market,0.0057280864682216544,0.0,0
2020-07-14 15:57:00,9220.79,1672.633070938864,1,LONG,Market,0.0,8667.5426,0
2020-07-15 07:57:00,9227.83,1671.401163410131,-2,SHORT,Market,0.0007634920652133985,9781.4998,0
2020-07-15 15:57:00,9204.21,1673.1722609252695,1,Squared_Off,Market,0.0025596483680346083,0.0,0
2020-07-19 03:57:00,9156.57,1673.1722609252695,-1,SHORT,Market,0.0,9705.9642,0
2020-07-24 19:57:00,9583.65,1592.6225367829547,2,LONG,Market,-0.04664191940868687,9008.631,0
2020-08-02 01:39:00,11904.51,1975.9169220386902,-1,Squared_Off,TP,0.24216869355621298,0.0,0
2020-08-02 07:57:00,11327.7,1975.9169220386902,-1,SHORT,Market,0.0,12007.362000000001,0
2020-08-02 23:57:00,11079.72,2016.2087718537887,1,Squared_Off,Market,0.0218914695834107,0.0,0
2020-08-03 07:57:00,11207.1,2016.2087718537887,1,LONG,Market,0.0,10534.674,0
2020-08-10 15:57:00,11930.8,2143.381413143687,-2,SHORT,Market,0.06457513540523409,12646.648,0
2020-08-10 19:57:00,11869.79,2151.126854989162,2,LONG,Market,0.005113655412880813,11157.6026,0
2020-08-11 15:57:00,11493.15,2079.642814015291,-1,Squared_Off,Market,-0.031730974178987265,0.0,0
2020-08-12 07:57:00,11450.69,2079.642814015291,1,LONG,Market,0.0,10763.6486,0
2020-08-16 11:57:00,11762.44,2133.14252709007,-2,SHORT,Market,0.027225433576491896,12468.1864,0
2020-08-16 23:57:00,11921.23,2101.1459223587262,2,LONG,Market,-0.013499750051859907,11205.9562,0
2020-08-19 15:57:00,11735.22,2065.2094863765374,-1,Squared_Off,Market,-0.01560325570431912,0.0,0
2020-08-20 11:57:00,11825.0,2065.2094863765374,1,LONG,Market,0.0,11115.5,0
2020-08-21 19:57:00,11679.24,2036.655018046825,-1,Squared_Off,Market,-0.012326427061310801,0.0,0
2020-08-22 11:57:00,11566.0,2036.655018046825,1,LONG,Market,0.0,10872.04,0
2020-08-23 11:57:00,11532.84,2027.7608966300409,-1,Squared_Off,Market,-0.0028670240359674783,0.0,0
2020-08-23 19:57:00,11686.39,2027.7608966300409,1,LONG,Market,0.0,10985.2066,0
2020-08-25 15:57:00,11431.11,1980.4244130205716,-1,Squared_Off,Market,-0.02184421365366027,0.0,0
2020-08-26 07:57:00,11353.29,1980.4244130205716,1,LONG,Market,0.0,10672.0926,0
2020-08-27 11:57:00,11316.77,1971.0833675095644,-1,Squared_Off,Market,-0.0032166887307556167,0.0,0
2020-08-28 03:57:00,11383.95,1971.0833675095644,1,LONG,Market,0.0,10700.913,0
2020-08-31 11:57:00,11688.99,2020.9431436569275,-2,SHORT,Market,0.02679562014942081,12390.3294,0
2020-08-31 15:57:00,11748.99,2007.538156150344,2,LONG,Market,-0.005133035446176274,11044.0506,0
2020-09-01 03:57:00,11698.75,1995.9423904252192,-2,SHORT,Market,-0.004276112244541852,12400.675,0
2020-09-01 07:57:00,11933.08,1952.9690619150517,2,LONG,Market,-0.020030345122342124,11217.0952,0
2020-09-02 03:57:00,11844.12,1935.4804058574373,-2,SHORT,Market,-0.007454906863944524,12554.7672,0
2020-09-02 11:57:00,11417.49,2002.2939734567208,1,Squared_Off,Market,0.03602040506175225,0.0,0
2020-09-03 07:57:00,11408.58,2002.2939734567208,1,LONG,Market,0.0,10724.065200000001,0
2020-09-03 11:57:00,11218.97,1966.0125118921196,-2,SHORT,Market,-0.01661994744306483,11892.108199999999,0
2020-09-03 15:57:00,10683.59,2056.8834943023576,1,Squared_Off,Market,0.04772095834109542,0.0,0
2020-09-08 11:57:00,9987.07,2056.8834943023576,-1,SHORT,Market,0.0,10586.2942,0
2020-09-08 19:57:00,9994.0,2052.3709033447813,1,Squared_Off,Market,-0.0006938972090913842,0.0,0
2020-09-10 23:57:00,10335.91,2052.3709033447813,-1,SHORT,Market,0.0,10956.0646,0
2020-09-16 07:57:00,10910.7,1935.1580064688474,2,LONG,Market,-0.055610971844762665,10256.058,0
2020-09-17 03:57:00,10867.12,1924.5257758499429,-2,SHORT,Market,-0.003994244182316435,11519.147200000001,0
2020-09-20 15:57:00,10829.0,1928.3898947472699,1,Squared_Off,Market,0.003507829121239187,0.0,0
2020-09-21 11:57:00,10634.48,1928.3898947472699,-1,SHORT,Market,0.0,11272.548799999999,0
2020-09-21 15:57:00,10415.61,1965.1858227673983,1,Squared_Off,Market,0.020581166168914606,0.0,0
2020-09-22 15:57:00,10448.68,1965.1858227673983,1,LONG,Market,0.0,9821.7592,0
2020-09-23 19:57:00,10288.97,1932.1998164529039,-1,Squared_Off,Market,-0.015285184348645087,0.0,0
2020-09-25 11:57:00,10624.8,1932.1998164529039,-1,SHORT,Market,0.0,11262.287999999999,0
2020-09-30 19:57:00,10704.65,1914.7801934709616,2,LONG,Market,-0.007515435584669864,10062.371,0
2020-10-01 15:57:00,10710.35,1912.9276031859665,-2,SHORT,Market,0.0005324788760025529,11352.971,0
2020-10-01 19:57:00,10611.01,1927.8008838787841,1,Squared_Off,Market,0.009275140401574192,0.0,0
2020-10-03 11:57:00,10530.89,1927.8008838787841,-1,SHORT,Market,0.0,11162.7434,0
2020-10-08 15:57:00,10892.69,1858.6775193424164,2,LONG,Market,-0.03435607056953412,10239.1286,0
2020-10-12 11:57:00,11246.32,1916.23126723415,-2,SHORT,Market,0.032464891592434854,11921.0992,0
2020-10-12 15:57:00,11551.71,1861.3223110832832,2,LONG,Market,-0.027154660368902843,10858.607399999999,0
2020-10-14 15:57:00,11319.81,1821.1643753948476,-1,Squared_Off,Market,-0.02007494994247602,0.0,0
2020-10-16 07:57:00,11309.01,1821.1643753948476,-1,SHORT,Market,0.0,11987.5506,0
2020-10-16 19:57:00,11307.66,1818.6500282245213,1,Squared_Off,Market,0.00011937384439489962,0.0,0
2020-10-17 03:57:00,11358.73,1818.6500282245213,1,LONG,Market,0.0,10677.2062,0
2020-10-28 11:57:00,13314.95,2129.1330863006206,-2,SHORT,Market,0.1722217184491577,14113.847000000002,0
2020-10-29 03:57:00,13269.91,2133.1415281893114,2,LONG,Market,0.003382663847780192,12473.7154,0
2020-10-30 07:57:00,13215.0,2121.115018932099,-2,SHORT,Market,-0.0041379331133368545,14007.9,0
2020-10-30 15:57:00,13540.01,2065.766597080725,2,LONG,Market,-0.02459402194475976,12727.609400000001,0
2020-11-03 03:57:00,13386.5,2039.247297546155,-2,SHORT,Market,-0.011337510090465238,14189.69,0
2020-11-03 15:57:00,13701.33,1988.2284500050234,2,LONG,Market,-0.023518470100474354,12879.2502,0
2020-11-04 07:57:00,13592.83,1969.5014470068543,-2,SHORT,Market,-0.007918939256261984,14408.3998,0
2020-11-04 15:57:00,13899.01,1922.1839567877141,2,LONG,Market,-0.022525110664960886,13065.0694,0
2020-11-09 15:57:00,15006.9,2072.517952002459,-2,SHORT,Market,0.07970999373336658,15907.314,0
2020-11-10 03:57:00,15333.01,2024.3719702335138,2,LONG,Market,-0.02173067055820993,14413.0294,0
2020-11-15 19:57:00,15849.84,2089.570948899857,-1,Squared_Off,Market,0.033707015126188525,0.0,0
2020-11-16 03:57:00,16001.08,2089.570948899857,1,LONG,Market,0.0,15041.0152,0
2020-11-23 15:57:00,18283.32,2384.4728751785,-2,SHORT,Market,0.14263037244985963,19380.319199999998,0
2020-11-24 11:57:00,19089.69,2275.7310540393414,2,LONG,Market,-0.04410413426007962,17944.3086,0
2020-11-25 23:57:00,18741.67,2230.829097960209,-2,SHORT,Market,-0.018230783213347125,19866.170199999997,0
2020-11-26 03:57:00,17930.0,2324.096285984051,1,Squared_Off,Market,0.043308307103902606,0.0,0
2020-11-27 03:57:00,17084.05,2324.096285984051,1,LONG,Market,0.0,16059.007,0
2020-11-27 11:57:00,16797.19,2281.586007313055,-2,SHORT,Market,-0.016791100470907108,17805.021399999998,0
2020-11-27 15:57:00,16514.7,2316.5346434067465,1,Squared_Off,Market,0.01681769391189824,0.0,0
2020-12-02 11:57:00,19130.01,2316.5346434067465,1,LONG,Market,0.0,17982.2094,0
2020-12-04 23:57:00,18664.2,2256.6529183796365,-1,Squared_Off,Market,-0.024349699764924206,0.0,0
2020-12-05 11:57:00,19025.97,2256.6529183796365,1,LONG,Market,0.0,17884.4118,0
2020-12-08 11:57:00,18765.94,2222.4260182817957,-2,SHORT,Market,-0.013667108694064085,19891.896399999998,0
2020-12-08 15:57:00,18804.99,2214.4677382284553,1,Squared_Off,Market,-0.0020808976262315084,0.0,0
2020-12-09 15:57:00,18345.0,2214.4677382284553,1,LONG,Market,0.0,17244.3,0
2020-12-10 11:57:00,18190.0,2192.4356250961514,-1,Squared_Off,Market,-0.008449168710820387,0.0,0
2020-12-11 19:57:00,17969.19,2192.4356250961514,1,LONG,Market,0.0,16891.0386,0
2020-12-15 11:57:00,19293.58,2350.7368829188977,-2,SHORT,Market,0.07370337783728723,20451.1948,0
2020-12-15 15:57:00,19405.8,2333.537851522678,2,LONG,Market,-0.005816442567942161,18241.451999999997,0
2020-12-19 16:15:00,24237.36,2911.0302449640353,-1,Squared_Off,TP,0.24897504869678144,0.0,0
2020-12-20 15:57:00,23897.75,2911.0302449640353,1,LONG,Market,0.0,22463.885,0
2020-12-21 11:57:00,22663.0,2756.2564606318606,-2,SHORT,Market,-0.05166804406272557,24022.78,0
2020-12-21 23:57:00,22730.1,2743.9614260486483,1,Squared_Off,Market,-0.002960773066231238,0.0,0
2020-12-22 11:57:00,23130.41,2743.9614260486483,1,LONG,Market,0.0,21742.5854,0
2020-12-23 11:57:00,23080.0,2733.865343674832,-2,SHORT,Market,-0.0021793820343002936,24464.8,0
2020-12-24 11:57:00,23235.65,2711.3275378281674,2,LONG,Market,-0.006743934142114448,21841.511000000002,0
2020-12-30 19:00:00,28828.01,3359.823296840384,-1,Squared_Off,TP,0.2406801617342315,0.0,0
2020-12-31 23:57:00,28951.68,3359.823296840384,1,LONG,Market,0.0,27214.5792,0
2021-01-03 19:57:00,32823.72,3804.1312404511814,-2,SHORT,Market,0.133741461635387,34793.1432,0
2021-01-04 10:15:00,28580.05,4290.248566980464,1,Squared_Off,TP,0.1292866865790959,0.0,0
2021-01-04 23:57:00,32031.07,4290.248566980464,1,LONG,Market,0.0,30109.2058,0
2021-01-05 06:12:00,30051.27,4018.63834630543,-1,Squared_Off,SL,-0.061808737578857006,0.0,0
2021-01-05 15:57:00,32133.79,4018.63834630543,1,LONG,Market,0.0,30205.762600000002,0
2021-01-07 18:00:00,39850.0,4977.596386209413,-1,Squared_Off,TP,0.24012760399566932,0.0,0
2021-01-09 15:57:00,40600.0,4977.596386209413,1,LONG,Market,0.0,38164.0,0
2021-01-10 11:57:00,39233.99,4802.65594139547,-2,SHORT,Market,-0.03364556650246311,41588.0294,0
2021-01-10 19:57:00,37531.91,5003.804577870199,1,Squared_Off,Market,0.04338279129907498,0.0,0
2021-01-16 03:57:00,36564.81,5003.804577870199,1,LONG,Market,0.0,34370.9214,0
2021-01-17 07:57:00,34787.55,4753.085198511575,-1,Squared_Off,Market,-0.048605749626485,0.0,0
2021-01-17 19:57:00,35657.41,4753.085198511575,1,LONG,Market,0.0,33517.9654,0
2021-01-18 03:57:00,35148.25,4678.085221754807,-1,Squared_Off,Market,-0.014279219943344272,0.0,0
2021-01-18 11:57:00,36499.32,4678.085221754807,1,LONG,Market,0.0,34309.3608,0
2021-01-19 19:57:00,36346.35,4651.462065744887,-2,SHORT,Market,-0.004191036983702742,38527.131,0
2021-01-20 03:57:00,35097.16,4804.351266325631,1,Squared_Off,Market,0.034369063193415435,0.0,0
2021-01-20 23:57:00,35500.0,4804.351266325631,1,LONG,Market,0.0,33370.0,0
2021-01-21 08:57:00,33277.88,4496.416710245086,-1,Squared_Off,SL,-0.06259492957746486,0.0,0
2021-01-23 23:57:00,32086.48,4496.416710245086,1,LONG,Market,0.0,30161.2912,0
2021-01-24 15:57:00,31967.5,4472.99890506819,-2,SHORT,Market,-0.003708103849347126,33885.55,0
2021-01-25 03:57:00,33600.0,4237.864577977536,2,LONG,Market,-0.05106749041995777,31584.0,0
2021-01-25 23:57:00,32253.68,4061.700583532513,-2,SHORT,Market,-0.04006904761904761,34188.9008,0
2021-01-26 03:57:00,31520.68,4147.914601325637,1,Squared_Off,Market,0.022726088930007365,0.0,0
2021-01-30 19:57:00,34337.98,4147.914601325637,1,LONG,Market,0.0,32277.701200000003,0
2021-02-06 23:57:00,39249.54,4734.992959643566,-2,SHORT,Market,0.1430357871954028,41604.5124,0
2021-02-08 03:57:00,38120.84,4864.054780755249,2,LONG,Market,0.02875702492309475,35833.5896,0
2021-02-09 00:03:00,47577.6,6063.400490539777,-1,Squared_Off,TP,0.24807323238417628,0.0,0
2021-02-11 07:57:00,44750.25,6063.400490539777,1,LONG,Market,0.0,42065.235,0
2021-02-19 18:57:00,55548.25,7517.372042992463,-1,Squared_Off,TP,0.24129474137015994,0.0,0
2021-02-21 07:57:00,56169.88,7517.372042992463,1,LONG,Market,0.0,52799.6872,0
2021-02-22 03:57:00,55954.31,7477.245649279975,-2,SHORT,Market,-0.00383782197861202,59311.5686,0
2021-02-22 15:57:00,53277.04,7823.79677783359,1,Squared_Off,Market,0.04784743123451968,0.0,0
2021-02-26 15:57:00,47620.54,7823.79677783359,1,LONG,Market,0.0,44763.3076,0
2021-02-27 23:57:00,46102.63,7562.676691665783,-1,Squared_Off,Market,-0.03187511103402026,0.0,0
2021-03-03 03:57:00,48728.06,7562.676691665783,1,LONG,Market,0.0,45804.3764,0
2021-03-04 19:57:00,48019.76,7441.4033278976585,-1,Squared_Off,Market,-0.014535772612330466,0.0,0
2021-03-05 15:57:00,47888.0,7441.4033278976585,1,LONG,Market,0.0,45014.72,0
2021-03-06 15:57:00,47284.11,7336.401658595669,-1,Squared_Off,Market,-0.012610466087537575,0.0,0
2021-03-06 23:57:00,48908.21,7336.401658595669,1,LONG,Market,0.0,45973.7174,0
2021-03-13 19:33:00,60700.0,9094.206581416753,-1,Squared_Off,TP,0.24110042056333694,0.0,0
2021-03-17 19:57:00,57897.1,9094.206581416753,1,LONG,Market,0.0,54423.274,0
2021-03-18 19:57:00,57359.68,8996.14984312101,-2,SHORT,Market,-0.009282330203067136,60801.260800000004,0
2021-03-19 11:57:00,58881.31,8744.006945877887,2,LONG,Market,-0.026527867658954814,55348.4314,0
2021-03-21 07:57:00,57011.46,8453.214005585232,-1,Squared_Off,Market,-0.03175625678165107,0.0,0
2021-03-21 19:57:00,57567.86,8453.214005585232,1,LONG,Market,0.0,54113.7884,0
2021-03-22 15:57:00,57121.2,8374.947022439253,-2,SHORT,Market,-0.007758843215641566,60548.471999999994,0
2021-03-22 19:57:00,55563.91,8590.710009084967,1,Squared_Off,Market,0.027262907641996206,0.0,0
2021-03-23 15:57:00,55215.67,8590.710009084967,1,LONG,Market,0.0,51902.7298,0
2021-03-24 23:57:00,52311.54,8125.985930357409,-2,SHORT,Market,-0.052596119905816544,55450.2324,0
2021-03-25 03:57:00,52128.62,8142.211434124417,1,Squared_Off,Market,0.0034967427837146116,0.0,0
2021-03-27 19:57:00,55784.28,8142.211434124417,1,LONG,Market,0.0,52437.2232,0
2021-04-01 11:57:00,58640.77,8546.928218777215,-2,SHORT,Market,0.05120600283807549,62159.216199999995,0
2021-04-01 19:57:00,58991.9,8482.93041343999,2,LONG,Market,-0.005987813597945673,55452.386,0
2021-04-03 19:57:00,58657.0,8422.047992811971,-1,Squared_Off,Market,-0.005677050578130243,0.0,0
2021-04-04 15:57:00,57957.58,8422.047992811971,1,LONG,Market,0.0,54480.1252,0
2021-04-05 07:57:00,57290.53,8312.483214674821,-2,SHORT,Market,-0.011509279718028304,60727.9618,0
2021-04-05 15:57:00,59098.01,8037.760899933838,2,LONG,Market,-0.03154936775763818,55552.129400000005,0
2021-04-07 11:57:00,56376.7,7655.586227289838,-1,Squared_Off,Market,-0.046047404980303144,0.0,0
2021-04-08 07:57:00,57067.4,7655.586227289838,1,LONG,Market,0.0,53643.356,0
2021-04-12 15:57:00,60075.19,8047.597587477603,-2,SHORT,Market,0.05270592317154804,63679.701400000005,0
2021-04-13 03:57:00,60593.59,7966.081973119742,2,LONG,Market,-0.008629186191504249,56957.974599999994,0
2021-04-16 07:57:00,61513.57,8075.080232443084,-2,SHORT,Market,0.015182794087625493,65204.3842,0
2021-04-16 11:57:00,60939.48,8138.330215998619,1,Squared_Off,Market,0.009332737475649625,0.0,0
2021-04-16 23:57:00,61424.67,8138.330215998619,1,LONG,Market,0.0,57739.1898,0
2021-04-17 11:57:00,60973.99,8066.410838433393,-1,Squared_Off,Market,-0.0073371171550453635,0.0,0
2021-04-21 03:57:00,55205.66,8066.410838433393,-1,SHORT,Market,0.0,58517.9996,0
2021-04-21 23:57:00,53800.0,8259.70014532515,1,Squared_Off,Market,0.025462244269881085,0.0,0
2021-04-22 11:57:00,54882.43,8259.70014532515,1,LONG,Market,0.0,51589.4842,0
2021-04-22 19:57:00,52940.59,7955.067410353897,-2,SHORT,Market,-0.035381815273121175,56117.0254,0
2021-04-22 23:57:00,51714.61,8127.35552804308,1,Squared_Off,Market,0.023157656535372877,0.0,0
2021-04-25 19:57:00,49354.08,8127.35552804308,-1,SHORT,Market,0.0,52315.3248,0
2021-04-25 23:57:00,49063.94,8162.943137021451,1,Squared_Off,Market,0.005878743966051022,0.0,0
2021-04-26 03:57:00,52420.42,8162.943137021451,1,LONG,Market,0.0,49275.1948,0
2021-04-28 07:57:00,54278.97,8440.113381094143,-2,SHORT,Market,0.03545469494521415,57535.7082,0
2021-04-29 19:57:00,52894.68,8642.703510582622,1,Squared_Off,Market,0.025503247390287635,0.0,0
2021-05-01 15:57:00,57399.06,8642.703510582622,-1,SHORT,Market,0.0,60843.0036,0
2021-05-01 23:57:00,57836.34,8563.897237846504,2,LONG,Market,-0.007618243225585904,54366.1596,0
2021-05-02 03:57:00,56510.01,8354.660095039186,-2,SHORT,Market,-0.022932467718392874,59900.6106,0
2021-05-03 03:57:00,58004.55,8121.169487150145,2,LONG,Market,-0.02644734977042122,54524.277,0
2021-05-04 03:57:00,55519.15,7761.008916716846,-1,Squared_Off,Market,-0.0428483627577492,0.0,0
2021-05-06 07:57:00,56865.01,7761.008916716846,-1,SHORT,Market,0.0,60276.9106,0
2021-05-06 11:57:00,58081.3,7583.366596601149,2,LONG,Market,-0.021389075637197653,54596.422000000006,0
2021-05-06 19:57:00,56186.01,7324.5336062525685,-2,SHORT,Market,-0.032631673189133174,59557.170600000005,0
2021-05-07 15:57:00,57558.06,7134.683307003197,2,LONG,Market,-0.024419779941661557,54104.5764,0
2021-05-10 15:57:00,58359.23,7223.291339141069,-2,SHORT,Market,0.013919336405709392,61860.783800000005,0
2021-05-10 19:57:00,55828.14,7525.736760279417,1,Squared_Off,Market,0.04337086010216385,0.0,0
2021-05-11 15:57:00,56084.25,7525.736760279417,1,LONG,Market,0.0,52719.195,0
2021-05-12 11:57:00,56472.06,7566.486935598822,-2,SHORT,Market,0.006914775538586995,59860.3836,0
2021-05-12 19:57:00,54468.36,7823.605716400069,1,Squared_Off,Market,0.03548126276958902,0.0,0
2021-05-16 19:57:00,45573.29,7823.605716400069,-1,SHORT,Market,0.0,48307.6874,0
2021-05-16 23:57:00,46429.28,7664.921771584585,1,Squared_Off,Market,-0.018782712417734115,0.0,0
2021-05-17 11:57:00,45799.97,7664.921771584585,1,LONG,Market,0.0,43051.9718,0
2021-05-17 15:57:00,43401.14,7251.964643575186,-2,SHORT,Market,-0.05237623518094011,46005.208399999996,0
2021-05-18 15:57:00,43000.01,7308.1121382797255,1,Squared_Off,Market,0.009242383955813081,0.0,0
2021-05-22 23:57:00,37432.58,7308.1121382797255,-1,SHORT,Market,0.0,39678.5348,0
2021-05-23 07:57:00,35911.08,7594.198493534825,1,Squared_Off,Market,0.04064641015927836,0.0,0
2021-05-25 11:57:00,36567.87,7594.198493534825,-1,SHORT,Market,0.0,38761.942200000005,0
2021-05-26 01:42:00,38815.4,7116.05348713787,1,Squared_Off,SL,-0.06146187896642596,0.0,0
2021-05-26 19:57:00,38474.08,7116.05348713787,-1,SHORT,Market,0.0,40782.5248,0
2021-05-28 07:57:00,36965.27,7384.444498572215,1,Squared_Off,Market,0.03921627235790966,0.0,0
2021-05-29 07:57:00,36180.71,7384.444498572215,1,LONG,Market,0.0,34009.8674,0
2021-05-29 11:57:00,35388.92,7211.764333453968,-2,SHORT,Market,-0.021884313491913256,37512.2552,0
2021-05-29 15:57:00,34452.15,7391.847242117654,1,Squared_Off,Market,0.02647071456263703,0.0,0
2021-05-31 03:57:00,34498.65,7391.847242117654,-1,SHORT,Market,0.0,36568.569,0
2021-05-31 10:12:00,36726.51,6903.4074358320995,1,Squared_Off,SL,-0.06457817914614052,0.0,0
2021-06-01 07:57:00,36817.43,6903.4074358320995,-1,SHORT,Market,0.0,39026.4758,0
2021-06-03 07:57:00,38631.51,6552.9054605111805,2,LONG,Market,-0.049272314770476965,36313.6194,0
2021-06-04 03:57:00,37945.72,6426.748342008586,-2,SHORT,Market,-0.017752088903591933,40222.4632,0
2021-06-05 11:57:00,35863.07,6769.840159605926,1,Squared_Off,Market,0.054884977805138534,0.0,0
2021-06-06 19:57:00,35754.77,6769.840159605926,-1,SHORT,Market,0.0,37900.0562,0
2021-06-07 19:57:00,35642.68,6780.9086203099105,1,Squared_Off,Market,0.003134966327569623,0.0,0
2021-06-08 23:57:00,33372.58,6780.9086203099105,1,LONG,Market,0.0,31370.2252,0
2021-06-09 23:27:00,37393.57,7587.75427413931,-1,Squared_Off,TP,0.12048783761998616,0.0,0
2021-06-10 19:57:00,36664.55,7587.75427413931,-1,SHORT,Market,0.0,38864.423,0
2021-06-13 03:57:00,34864.96,7948.799052276245,1,Squared_Off,Market,0.04908256067509362,0.0,0
2021-06-17 19:57:00,37682.27,7948.799052276245,-1,SHORT,Market,0.0,39943.20619999999,0
2021-06-17 23:57:00,38060.71,7857.046705577416,1,Squared_Off,Market,-0.010042919388879766,0.0,0
2021-06-21 07:57:00,32985.72,7857.046705577416,-1,SHORT,Market,0.0,34964.8632,0
2021-06-21 11:57:00,32513.16,7957.82275282459,1,Squared_Off,Market,0.014326199337167759,0.0,0
2021-06-22 11:57:00,31243.15,7957.82275282459,-1,SHORT,Market,0.0,33117.739,0
2021-06-22 15:57:00,31635.72,7845.896021589544,1,Squared_Off,Market,-0.012564994246738875,0.0,0
2021-06-22 19:57:00,32388.97,7845.896021589544,1,LONG,Market,0.0,30445.631800000003,0
2021-06-23 19:57:00,32872.72,7951.310657008465,-2,SHORT,Market,0.014935640126870351,34845.0832,0
2021-06-24 17:03:00,34879.91,7453.881084678213,1,Squared_Off,SL,-0.06105944381846109,0.0,0
2021-06-25 11:57:00,33300.0,7453.881084678213,-1,SHORT,Market,0.0,35298.0,0
2021-06-25 19:57:00,32192.38,7690.630226024507,1,Squared_Off,Market,0.03326186186186183,0.0,0
2021-06-26 15:57:00,31511.57,7690.630226024507,1,LONG,Market,0.0,29620.8758,0
2021-06-28 23:57:00,34487.22,8405.323530198262,-2,SHORT,Market,0.09443039493113169,36556.4532,0
2021-07-01 03:57:00,34120.06,8482.200826330336,1,Squared_Off,Market,0.010646262586546653,0.0,0
2021-07-02 15:57:00,33684.88,8482.200826330336,1,LONG,Market,0.0,31663.7872,0
2021-07-05 03:57:00,34345.63,8635.861202158943,-2,SHORT,Market,0.019615625764437934,36406.3678,0
2021-07-08 03:57:00,33283.2,8890.044685665831,1,Squared_Off,Market,0.0309334841142818,0.0,0
2021-07-09 11:57:00,32751.07,8890.044685665831,-1,SHORT,Market,0.0,34716.1342,0
2021-07-09 15:57:00,33537.49,8663.241510825854,2,LONG,Market,-0.024012039911978394,31525.240599999997,0
2021-07-10 19:57:00,33403.08,8615.526510246638,-2,SHORT,Market,-0.004007753710847062,35407.264800000004,0
2021-07-12 15:57:00,33340.32,8618.790663189639,1,Squared_Off,Market,0.0018788686552258665,0.0,0
2021-07-13 07:57:00,33159.99,8618.790663189639,1,LONG,Market,0.0,31170.3906,0
2021-07-13 11:57:00,33032.23,8572.655691091208,-1,Squared_Off,Market,-0.003852835902543842,0.0,0
2021-07-13 15:57:00,32781.41,8572.655691091208,-1,SHORT,Market,0.0,34748.2946,0
2021-07-13 19:57:00,32306.71,8683.93534761188,1,Squared_Off,Market,0.014480768215888343,0.0,0
2021-07-14 15:57:00,32772.97,8683.93534761188,1,LONG,Market,0.0,30806.591800000002,0
2021-07-15 07:57:00,32461.0,8588.245978008259,-2,SHORT,Market,-0.009519125059462147,34408.66,0
2021-07-15 11:57:00,31866.95,8732.532135064346,1,Squared_Off,Market,0.018300422044915415,0.0,0
2021-07-16 11:57:00,31080.62,8732.532135064346,-1,SHORT,Market,0.0,32945.4572,0
2021-07-16 23:57:00,31382.95,8634.489521699954,1,Squared_Off,Market,-0.009727283432569934,0.0,0
2021-07-17 03:57:00,31301.37,8634.489521699954,-1,SHORT,Market,0.0,33179.4522,0
2021-07-19 11:57:00,31262.16,8632.353874193985,1,Squared_Off,Market,0.0012526608260277146,0.0,0
2021-07-30 03:57:00,39951.21,8632.353874193985,1,LONG,Market,0.0,37554.1374,0
2021-08-02 19:57:00,39174.29,8451.534373468672,-1,Squared_Off,Market,-0.019446720136886926,0.0,0
2021-08-05 19:57:00,40694.19,8451.534373468672,1,LONG,Market,0.0,38252.5386,0
2021-08-08 15:57:00,44000.56,9125.537399159253,-2,SHORT,Market,0.08124919060927359,46640.5936,0
2021-08-09 11:57:00,45930.81,8711.523084375009,2,LONG,Market,-0.04386875985214734,43174.9614,0
2021-08-12 11:57:00,44764.31,8477.210154876879,-1,Squared_Off,Market,-0.025396895896240456,0.0,0
2021-08-13 03:57:00,45162.37,8477.210154876879,1,LONG,Market,0.0,42452.6278,0
2021-08-14 11:57:00,46580.0,8730.59081402928,-2,SHORT,Market,0.03138962813510445,49374.8,0
2021-08-14 23:57:00,47083.74,8623.077842864932,2,LONG,Market,-0.010814512666380376,44258.715599999996,0
2021-08-15 07:57:00,45788.25,8372.882738410975,-2,SHORT,Market,-0.027514594210230496,48535.545,0
2021-08-15 19:57:00,46335.28,8260.292990681732,2,LONG,Market,-0.011946951455886583,43555.163199999995,0
2021-08-16 15:57:00,46350.8,8250.669335969977,-2,SHORT,Market,0.00033494995605948806,49131.848000000005,0
2021-08-16 23:57:00,45926.23,8313.868870683213,1,Squared_Off,Market,0.009159928199729016,0.0,0
2021-08-18 15:57:00,45827.23,8313.868870683213,1,LONG,Market,0.0,43077.5962,0
2021-08-18 23:57:00,44714.09,8099.454812358013,-1,Squared_Off,Market,-0.024289925443890165,0.0,0
2021-08-19 15:57:00,45789.99,8099.454812358013,1,LONG,Market,0.0,43042.590599999996,0
2021-08-24 15:57:00,48370.25,8543.708858751994,-1,Squared_Off,Market,0.056349870353760774,0.0,0
2021-08-25 15:57:00,48811.99,8543.708858751994,1,LONG,Market,0.0,45883.270599999996,0
2021-08-26 03:57:00,47945.44,8379.218452632187,-2,SHORT,Market,-0.017752810323856817,50822.1664,0
2021-08-26 07:57:00,46920.11,8545.842141614623,1,Squared_Off,Market,0.021385349680803883,0.0,0
2021-08-27 07:57:00,47483.55,8545.842141614623,1,LONG,Market,0.0,44634.537000000004,0
2021-08-30 03:57:00,47989.05,8624.000636896693,-2,SHORT,Market,0.010645792069042858,50868.393000000004,0
2021-08-30 19:57:00,48666.62,8489.30010608418,2,LONG,Market,-0.014119262623452635,45746.622800000005,0
2021-08-30 23:57:00,47024.7,8190.153176552707,-2,SHORT,Market,-0.03373811454339762,49846.18199999999,0
2021-08-31 03:57:00,47177.21,8151.305730315342,1,Squared_Off,Market,-0.003243189217581442,0.0,0
2021-09-03 11:57:00,50203.77,8151.305730315342,1,LONG,Market,0.0,47191.5438,0
2021-09-06 15:57:00,51631.84,8370.946521378737,-2,SHORT,Market,0.028445473318039656,54729.7504,0
2021-09-06 19:57:00,51756.43,8338.19062338519,2,LONG,Market,-0.0024130459034580947,48651.044200000004,0
2021-09-07 11:57:00,50989.36,8202.10495537314,-2,SHORT,Market,-0.01482076719742841,54048.7216,0
2021-09-07 15:06:00,44600.03,9217.58397160365,1,Squared_Off,TP,0.12530712289779675,0.0,0
2021-09-11 23:57:00,45193.78,9217.58397160365,-1,SHORT,Market,0.0,47905.4068,0
2021-09-12 11:57:00,46095.98,9019.747666421894,2,LONG,Market,-0.01996292410150256,43330.2212,0
2021-09-13 03:57:00,44626.0,8718.582362272997,-2,SHORT,Market,-0.031889548719866746,47303.56,0
2021-09-13 07:57:00,44492.14,8731.656719156108,1,Squared_Off,Market,0.0029995966476941823,0.0,0
2021-09-17 03:57:00,47899.18,8731.656719156108,1,LONG,Market,0.0,45025.2292,0
2021-09-19 11:57:00,47344.16,8617.383303460902,-1,Squared_Off,Market,-0.01158725472962161,0.0,0
2021-09-23 15:57:00,43740.46,8617.383303460902,-1,SHORT,Market,0.0,46364.8876,0
2021-09-24 11:57:00,41510.06,9043.872171102088,1,Squared_Off,Market,0.05099169053091809,0.0,0
2021-09-25 11:57:00,42472.89,9043.872171102088,-1,SHORT,Market,0.0,45021.263399999996,0
2021-09-26 07:57:00,41214.97,9298.158813702268,1,Squared_Off,Market,0.029617009814966636,0.0,0
2021-09-27 15:57:00,43266.54,9298.158813702268,-1,SHORT,Market,0.0,45862.532400000004,0
2021-09-27 23:57:00,42122.69,9530.029682477405,1,Squared_Off,Market,0.02643728849129139,0.0,0
2021-09-29 19:57:00,41198.42,9530.029682477405,-1,SHORT,Market,0.0,43670.3252,0
2021-09-30 03:57:00,43566.97,8967.841009886595,2,LONG,Market,-0.057491282432675886,40952.9518,0
2021-10-03 17:51:00,49004.2,10073.590656552908,-1,Squared_Off,TP,0.12480165593338247,0.0,0
2021-10-04 19:57:00,49374.94,10073.590656552908,1,LONG,Market,0.0,46412.4436,0
2021-10-10 23:57:00,54700.0,11144.911457351973,-2,SHORT,Market,0.10784944751325262,57982.0,0
2021-10-11 03:57:00,56538.24,10753.659866448164,2,LONG,Market,-0.03360585009140764,53145.9456,0
2021-10-12 07:57:00,57335.3,10889.131409770698,-2,SHORT,Market,0.014097715103972196,60775.418000000005,0
2021-10-12 11:57:00,57259.99,10887.100602611617,2,LONG,Market,0.0013135014554734158,53824.3906,0
2021-10-12 15:57:00,56352.17,10698.162033524988,-2,SHORT,Market,-0.0158543513542353,59733.3002,0
2021-10-13 07:57:00,54640.19,11007.125157212204,1,Squared_Off,Market,0.030380019083559622,0.0,0
2021-10-13 15:57:00,56170.86,11007.125157212204,1,LONG,Market,0.0,52800.6084,0
2021-10-16 15:57:00,60988.97,11934.761306309856,-2,SHORT,Market,0.08577596996022493,64648.3082,0
2021-10-17 23:57:00,61571.45,11802.87527897408,2,LONG,Market,-0.009550579391650587,57877.163,0
2021-10-18 15:57:00,62021.07,11871.3604058517,-2,SHORT,Market,0.007302410451597334,65742.3342,0
2021-10-18 23:57:00,62037.92,11850.328131901437,2,LONG,Market,-0.0002716818655337379,58315.6448,0
2021-10-21 03:57:00,65125.63,12422.359272101212,-2,SHORT,Market,0.04977133340382784,69033.1678,0
2021-10-22 07:57:00,63424.53,12728.201294623657,2,LONG,Market,0.026120284748109134,59619.0582,0
2021-10-22 15:57:00,60744.92,12171.357818631453,-2,SHORT,Market,-0.042248795536994926,64389.6152,0
2021-10-22 19:57:00,61087.33,12084.492664044801,1,Squared_Off,Market,-0.005636849962103885,0.0,0
2021-10-23 11:57:00,61592.68,12084.492664044801,1,LONG,Market,0.0,57897.1192,0
2021-10-24 07:57:00,60745.15,11900.080417297524,-1,Squared_Off,Market,-0.013760239041392562,0.0,0
2021-10-28 07:57:00,59027.0,11900.080417297524,1,LONG,Market,0.0,55485.38,0
2021-10-31 11:57:00,60523.94,12184.019416563651,-1,Squared_Off,Market,0.025360258864587433,0.0,0
2021-10-31 23:57:00,61348.61,12184.019416563651,1,LONG,Market,0.0,57667.693400000004,0
2021-11-01 03:57:00,59934.99,11884.994181749506,-2,SHORT,Market,-0.02304241285988391,63531.0894,0
2021-11-01 07:57:00,62257.67,11406.583677347722,2,LONG,Market,-0.03875332255832528,58522.2098,0
2021-11-05 15:57:00,60832.8,11128.415222473648,-2,SHORT,Market,-0.022886657981257497,64482.768000000004,0
2021-11-05 23:57:00,61006.0,11080.03835172545,1,Squared_Off,Market,-0.002847148248970902,0.0,0
2021-11-06 19:57:00,61220.0,11080.03835172545,1,LONG,Market,0.0,57546.8,0
2021-11-10 23:57:00,64920.13,11733.094581462969,-2,SHORT,Market,0.060439888925187805,68815.3378,0
2021-11-11 03:57:00,64782.64,11740.343675630047,1,Squared_Off,Market,0.002117833097376699,0.0,0
2021-11-11 15:57:00,64848.18,11740.343675630047,1,LONG,Market,0.0,60957.2892,0
2021-11-11 23:57:00,64831.3,11719.677145263995,-1,Squared_Off,Market,-0.0002603002890751503,0.0,0
2021-11-12 23:57:00,64156.08,11719.677145263995,1,LONG,Market,0.0,60306.7152,0
2021-11-13 03:57:00,63827.76,11642.121951475789,-1,Squared_Off,Market,-0.005117519648956103,0.0,0
2021-11-13 15:57:00,64744.23,11642.121951475789,1,LONG,Market,0.0,60859.5762,0
2021-11-15 15:57:00,64348.95,11553.58065139467,-2,SHORT,Market,-0.006105254475958801,68209.887,0
2021-11-15 23:57:00,63654.49,11660.937623710166,1,Squared_Off,Market,0.010792095286714067,0.0,0
2021-11-17 11:57:00,60769.01,11660.937623710166,1,LONG,Market,0.0,57122.8694,0
2021-11-18 11:57:00,59255.0,11352.923528626663,-1,Squared_Off,Market,-0.02491417911860012,0.0,0
2021-11-20 15:57:00,57633.69,11352.923528626663,-1,SHORT,Market,0.0,61091.7114,0
2021-11-20 19:57:00,59460.97,10975.948942785415,2,LONG,Market,-0.03170506694955674,55893.3118,0
2021-11-21 07:57:00,59005.1,10875.335604308759,-2,SHORT,Market,-0.007666709776177593,62545.405999999995,0
2021-11-22 19:57:00,56007.95,11411.432682513105,1,Squared_Off,Market,0.05079476180872503,0.0,0
2021-11-24 03:57:00,56432.31,11411.432682513105,-1,SHORT,Market,0.0,59818.2486,0
2021-11-26 11:57:00,53766.35,11933.411364836174,1,Squared_Off,Market,0.047241730845326006,0.0,0
2021-11-28 03:57:00,54176.78,11933.411364836174,-1,SHORT,Market,0.0,57427.3868,0
2021-11-29 00:00:00,57485.18,11186.776572907467,1,Squared_Off,SL,-0.061066752213771315,0.0,0
2021-11-29 15:57:00,57143.02,11186.776572907467,-1,SHORT,Market,0.0,60571.6012,0
2021-11-29 19:57:00,57929.53,11016.022893131367,2,LONG,Market,-0.013763885772925583,54453.7582,0
2021-11-30 03:57:00,57120.0,10845.55662910887,-2,SHORT,Market,-0.013974392680209884,60547.2,0
2021-11-30 15:57:00,57260.01,10802.704148793331,2,LONG,Market,-0.0024511554621849097,53824.409400000004,0
2021-11-30 23:57:00,56975.0,10732.729953349983,-2,SHORT,Market,-0.004977470314797396,60393.5,0
2021-12-01 15:57:00,58650.25,10401.053748207592,2,LONG,Market,-0.029403247038174637,55131.235,0
2021-12-01 23:57:00,57209.29,10129.911868796833,-2,SHORT,Market,-0.02456869322807659,60641.8474,0
2021-12-02 03:57:00,56328.39,10270.695852771438,1,Squared_Off,Market,0.015397848845878028,0.0,0
2021-12-07 23:57:00,50577.2,10270.695852771438,-1,SHORT,Market,0.0,53611.831999999995,0
2021-12-09 15:57:00,48454.96,10686.252408080123,1,Squared_Off,Market,0.04196040903806454,0.0,0
2021-12-10 19:57:00,48101.35,10686.252408080123,-1,SHORT,Market,0.0,50987.431,0
2021-12-10 23:57:00,47136.35,10884.608562801212,1,Squared_Off,Market,0.020061806997100914,0.0,0
2021-12-13 03:57:00,48852.97,10884.608562801212,-1,SHORT,Market,0.0,51784.1482,0
2021-12-13 15:57:00,47239.07,11227.864081884994,1,Squared_Off,Market,0.03303586250743817,0.0,0
2021-12-14 11:57:00,47599.9,11227.864081884994,1,LONG,Market,0.0,44743.906,0
2021-12-14 19:57:00,46844.02,11032.725316604347,-2,SHORT,Market,-0.015879865293834748,49654.661199999995,0
2021-12-14 23:57:00,48324.04,10667.60123179781,2,LONG,Market,-0.031594641108939926,45424.5976,0
2021-12-15 15:57:00,46622.38,10275.95594106787,-2,SHORT,Market,-0.0352135293323986,49419.722799999996,0
2021-12-15 20:36:00,49446.71,9638.036449888788,1,Squared_Off,SL,-0.060578846468155464,0.0,0
2021-12-16 19:57:00,47874.0,9638.036449888788,-1,SHORT,Market,0.0,50746.44,0
2021-12-17 15:57:00,46487.19,9902.773223368491,1,Squared_Off,Market,0.028967915778919617,0.0,0
2021-12-19 15:57:00,47228.69,9902.773223368491,-1,SHORT,Market,0.0,50062.411400000005,0
2021-12-20 11:57:00,46074.13,10130.003818642512,1,Squared_Off,Market,0.024446157621564452,0.0,0
2021-12-20 23:57:00,46898.14,10130.003818642512,1,LONG,Market,0.0,44084.2516,0
2021-12-22 15:57:00,48858.42,10538.2295260944,-2,SHORT,Market,0.04179867261260252,51789.9252,0
2021-12-27 17:30:00,51805.48,9886.773409143927,1,Squared_Off,SL,-0.06031836477724832,0.0,0
2021-12-27 23:57:00,50707.72,9886.773409143927,-1,SHORT,Market,0.0,53750.1832,0
2021-12-28 07:57:00,49197.91,10166.319516802841,1,Squared_Off,Market,0.02977475619097048,0.0,0
2021-12-29 15:57:00,47941.37,10166.319516802841,1,LONG,Market,0.0,45064.887800000004,0
2021-12-29 19:57:00,47123.01,9977.530790739931,-2,SHORT,Market,-0.017070016981158457,49950.3906,0
2021-12-29 23:57:00,46436.54,10107.913349856553,1,Squared_Off,Market,0.014567617815585234,0.0,0
2021-12-31 19:57:00,45707.62,10107.913349856553,-1,SHORT,Market,0.0,48450.0772,0
2021-12-31 23:57:00,46210.56,9981.529894893047,1,Squared_Off,Market,-0.011003416935731833,0.0,0
2022-01-03 15:57:00,46689.99,9981.529894893047,-1,SHORT,Market,0.0,49491.3894,0
2022-01-04 03:57:00,46313.95,10046.948589675585,1,Squared_Off,Market,0.008053974738482508,0.0,0
2022-01-04 11:57:00,46709.98,10046.948589675585,1,LONG,Market,0.0,43907.3812,0
2022-01-04 19:57:00,46058.09,9891.66176515434,-2,SHORT,Market,-0.013956118157190533,48821.575399999994,0
2022-01-04 23:57:00,45833.42,9925.075505868157,1,Squared_Off,Market,0.004877970406501839,0.0,0
2022-01-05 19:57:00,44673.22,9925.075505868157,-1,SHORT,Market,0.0,47353.6132,0
2022-01-05 23:57:00,43421.69,10188.241047225456,1,Squared_Off,Market,0.028015218065767337,0.0,0
2022-01-07 03:57:00,41789.97,10188.241047225456,-1,SHORT,Market,0.0,44297.368200000004,0
2022-01-07 07:57:00,41691.61,10196.938492038904,1,Squared_Off,Market,0.0023536748171870086,0.0,0
2022-01-08 15:57:00,41600.72,10196.938492038904,-1,SHORT,Market,0.0,44096.7632,0
2022-01-08 19:57:00,40837.51,10368.716900006655,1,Squared_Off,Market,0.018346076702518588,0.0,0
2022-01-10 07:57:00,42034.99,10368.716900006655,-1,SHORT,Market,0.0,44557.0894,0
2022-01-10 15:57:00,40973.56,10614.985397093657,1,Squared_Off,Market,0.02525110628074374,0.0,0
2022-01-11 19:57:00,42938.55,10614.985397093657,1,LONG,Market,0.0,40362.237,0
2022-01-13 07:57:00,43682.7,10783.026778589156,-2,SHORT,Market,0.017330580562221923,46303.662,0
2022-01-17 15:57:00,42467.49,11066.82549949738,1,Squared_Off,Market,0.027819022175827025,0.0,0
2022-01-19 23:57:00,41657.89,11066.82549949738,-1,SHORT,Market,0.0,44157.3634,0
2022-01-20 23:57:00,40661.69,11314.875524682006,1,Squared_Off,Market,0.023913837210669985,0.0,0
2022-01-24 19:57:00,36050.48,11314.875524682006,1,LONG,Market,0.0,33887.4512,0
2022-01-26 23:57:00,36787.43,11529.203807612132,-2,SHORT,Market,0.020442168869873496,38994.6758,0
2022-01-31 15:57:00,37694.46,11227.646226757453,2,LONG,Market,-0.02465597623971011,35432.7924,0
2022-02-01 19:57:00,38356.04,11407.862526402421,-2,SHORT,Market,0.01755112024419508,40657.4024,0
2022-02-02 23:57:00,36892.03,11826.176934516832,1,Squared_Off,Market,0.038168955919328534,0.0,0
2022-02-03 23:57:00,37289.86,11826.176934516832,1,LONG,Market,0.0,35052.4684,0
2022-02-05 15:18:00,41780.0,13232.449185938971,-1,Squared_Off,TP,0.12041182240963091,0.0,0
2022-02-06 07:57:00,41588.0,13232.449185938971,1,LONG,Market,0.0,39092.72,0
2022-02-08 15:57:00,43406.53,13791.219484414212,-2,SHORT,Market,0.04372727709916319,46010.9218,0
2022-02-09 03:57:00,43321.58,13797.523158579614,2,LONG,Market,0.0019570788081884707,40722.2852,0
2022-02-10 23:57:00,43471.29,13824.508126281544,-2,SHORT,Market,0.0034557834686546316,46079.5674,0
2022-02-11 03:57:00,43310.87,13854.787278126834,1,Squared_Off,Market,0.0036902516580482945,0.0,0
2022-02-11 15:57:00,43648.87,13854.787278126834,1,LONG,Market,0.0,41029.9378,0
2022-02-11 19:57:00,42725.35,13540.866394029108,-2,SHORT,Market,-0.02115793604737085,45288.871,0
2022-02-11 23:57:00,42366.0,13634.443227330934,1,Squared_Off,Market,0.008410697630329502,0.0,0
2022-02-12 19:57:00,42644.67,13634.443227330934,1,LONG,Market,0.0,40085.989799999996,0
2022-02-13 19:57:00,42015.27,13412.758475980365,-1,Squared_Off,Market,-0.014759171544767528,0.0,0
2022-02-14 11:57:00,42107.81,13412.758475980365,1,LONG,Market,0.0,39581.3414,0
2022-02-17 15:57:00,41907.7,13328.897550255371,-1,Squared_Off,Market,-0.004752325043738931,0.0,0
2022-02-21 11:57:00,37549.9,13328.897550255371,-1,SHORT,Market,0.0,39802.894,0
2022-02-21 19:57:00,38114.5,13108.491005575954,1,Squared_Off,Market,-0.015035992106503573,0.0,0
2022-02-22 15:57:00,37744.7,13108.491005575954,1,LONG,Market,0.0,35480.018,0
2022-02-23 19:57:00,37602.8,13039.547313762841,-2,SHORT,Market,-0.0037594682167296123,39858.968,0
2022-02-24 03:57:00,34907.8,13954.534888517805,1,Squared_Off,Market,0.07167019477272968,0.0,0
2022-02-24 19:57:00,37272.3,13954.534888517805,1,LONG,Market,0.0,35035.962,0
2022-02-26 11:57:00,38921.0,14550.866889886416,-2,SHORT,Market,0.04423392170593167,41256.26,0
2022-02-28 17:57:00,41415.1,13596.605217642702,1,Squared_Off,SL,-0.06408108733074686,0.0,0
2022-03-07 15:57:00,39062.3,13596.605217642702,1,LONG,Market,0.0,36718.562000000005,0
2022-03-07 19:57:00,37288.7,12958.864710248083,-2,SHORT,Market,-0.045404392470489593,39526.022,0
2022-03-09 03:12:00,39582.2,12142.371106536088,1,Squared_Off,SL,-0.061506569014205384,0.0,0
2022-03-10 03:57:00,40765.4,12142.371106536088,-1,SHORT,Market,0.0,43211.324,0
2022-03-11 11:57:00,39878.4,12388.359131891853,2,LONG,Market,0.02175864826544079,37485.696,0
2022-03-11 19:57:00,38776.1,12027.343389477608,-2,SHORT,Market,-0.02764153025196605,41102.666,0
2022-03-11 23:57:00,38713.0,12028.87436249627,1,Squared_Off,Market,0.001627291037520497,0.0,0
2022-03-12 19:57:00,39006.7,12028.87436249627,-1,SHORT,Market,0.0,41347.102,0
2022-03-13 23:57:00,37743.7,12400.314609413836,1,Squared_Off,Market,0.032379052829385725,0.0,0
2022-03-14 07:57:00,39062.2,12400.314609413836,1,LONG,Market,0.0,36718.468,0
2022-03-15 07:57:00,38428.0,12180.387035460142,-2,SHORT,Market,-0.016235644689751146,40733.68,0
2022-03-15 19:57:00,39730.7,11749.204250496265,2,LONG,Market,-0.03389976059123548,37346.858,0
2022-03-16 07:57:00,39561.0,11681.396582237665,-2,SHORT,Market,-0.004271256232585812,41934.66,0
2022-03-16 11:57:00,40492.8,11388.736716950792,2,LONG,Market,-0.023553499658754907,38063.232,0
2022-03-21 23:57:00,40982.0,11509.242763574737,-1,Squared_Off,Market,0.012081160107475824,0.0,0
2022-03-22 03:57:00,42230.0,11509.242763574737,1,LONG,Market,0.0,39696.2,0
2022-03-30 15:57:00,47153.7,12833.86993885663,-2,SHORT,Market,0.11659246980819316,49982.922,0
2022-03-31 11:57:00,47146.5,12816.578765187458,2,LONG,Market,0.00015269215353189866,44317.71,0
2022-03-31 15:57:00,46450.0,12608.013286178784,-2,SHORT,Market,-0.014773100866448199,49237.0,0
2022-03-31 19:57:00,45578.1,12825.762768600847,1,Squared_Off,Market,0.01877072120559745,0.0,0
2022-04-01 15:57:00,46523.5,12825.762768600847,1,LONG,Market,0.0,43732.09,0
2022-04-02 15:57:00,46284.1,12740.525487053876,-2,SHORT,Market,-0.0051457865379862106,49061.146,0
2022-04-03 07:57:00,46363.7,12699.503376603148,2,LONG,Market,-0.0017198130675544852,43581.878,0
2022-04-04 15:57:00,45627.0,12478.664270047886,-1,Squared_Off,Market,-0.01588958603390146,0.0,0
2022-04-04 23:57:00,46580.9,12478.664270047886,1,LONG,Market,0.0,43786.046,0
2022-04-05 15:57:00,45740.5,12234.809587736181,-2,SHORT,Market,-0.018041729550094598,48484.93,0
2022-04-05 23:57:00,45477.4,12286.832170362335,1,Squared_Off,Market,0.005752014079426297,0.0,0
2022-04-07 11:57:00,43739.9,12286.832170362335,1,LONG,Market,0.0,41115.506,0
2022-04-08 19:57:00,42722.1,11982.495054852985,-1,Squared_Off,Market,-0.023269371900713143,0.0,0
2022-04-09 23:57:00,42727.7,11982.495054852985,1,LONG,Market,0.0,40164.038,0
2022-04-10 23:57:00,42140.4,11799.81974055692,-2,SHORT,Market,-0.013745181697119097,44668.824,0
2022-04-11 03:57:00,42105.1,11792.004436268146,1,Squared_Off,Market,0.0008376759594119398,0.0,0
2022-04-12 19:57:00,39281.1,11792.004436268146,-1,SHORT,Market,0.0,41637.966,0
2022-04-17 23:57:00,39649.1,11663.844532631565,1,Squared_Off,Market,-0.009368373085275107,0.0,0
2022-04-18 19:57:00,40670.4,11663.844532631565,1,LONG,Market,0.0,38230.176,0
2022-04-20 19:57:00,41177.6,11791.808410855796,-2,SHORT,Market,0.012470986270112836,43648.256,0
2022-04-21 23:57:00,40449.8,11982.53687988732,1,Squared_Off,Market,0.0176746580665215,0.0,0
2022-04-23 23:57:00,39415.1,11982.53687988732,-1,SHORT,Market,0.0,41780.006,0
2022-04-24 19:57:00,39675.9,11885.27758199549,2,LONG,Market,-0.006616753477728153,37295.346000000005,0
2022-04-24 23:57:00,39433.4,11794.806579677781,-2,SHORT,Market,-0.006112022663632079,41799.404,0
2022-04-25 03:57:00,39226.2,11839.089343391808,1,Squared_Off,Market,0.00525442898659523,0.0,0
2022-04-25 19:57:00,40204.0,11839.089343391808,1,LONG,Market,0.0,37791.76,0
2022-04-26 15:57:00,38546.9,11333.355509124642,-2,SHORT,Market,-0.04121729181175999,40859.714,0
2022-04-26 19:57:00,38250.8,11403.413230602628,1,Squared_Off,Market,0.007681551564457804,0.0,0
2022-04-29 03:57:00,39528.2,11403.413230602628,-1,SHORT,Market,0.0,41899.892,0
2022-04-30 15:57:00,38439.9,11700.269652614556,1,Squared_Off,Market,0.027532242803871558,0.0,0
2022-05-02 15:57:00,38692.1,11700.269652614556,-1,SHORT,Market,0.0,41013.626,0
2022-05-03 19:57:00,37707.3,11980.517133334286,1,Squared_Off,Market,0.025452224097425463,0.0,0
2022-05-04 07:57:00,38673.1,11980.517133334286,1,LONG,Market,0.0,36352.714,0
2022-05-05 11:57:00,39499.0,12218.401437791314,-2,SHORT,Market,0.02135592957378647,41868.94,0
2022-05-05 15:57:00,36886.4,13008.241019522156,1,Squared_Off,Market,0.06614344666953591,0.0,0
2022-05-12 15:57:00,29015.1,13008.241019522156,1,LONG,Market,0.0,27274.194,0
2022-05-13 19:57:00,30076.0,13464.358343832697,-2,SHORT,Market,0.03656372026979061,31880.56,0
2022-05-18 15:57:00,28971.9,13938.442895804435,1,Squared_Off,Market,0.03671033382098678,0.0,0
2022-05-20 15:57:00,29142.0,13938.442895804435,-1,SHORT,Market,0.0,30890.52,0
2022-05-22 11:57:00,29891.1,13559.245217966558,2,LONG,Market,-0.025705167799052863,28097.634,0
2022-05-23 19:57:00,29062.8,13163.171672792783,-2,SHORT,Market,-0.027710589439665964,30806.568,0
2022-05-23 23:57:00,29097.7,13127.619949286496,1,Squared_Off,Market,-0.0012008478192053573,0.0,0
2022-05-25 11:57:00,29403.5,13127.619949286496,-1,SHORT,Market,0.0,31167.71,0
2022-05-26 11:57:00,28992.8,13291.291503809041,1,Squared_Off,Market,0.013967724930705553,0.0,0
2022-06-03 11:57:00,29744.0,13291.291503809041,-1,SHORT,Market,0.0,31528.64,0
2022-06-03 15:57:00,29486.7,13386.33067279089,1,Squared_Off,Market,0.008650484131253338,0.0,0
2022-06-05 07:57:00,29630.6,13386.33067279089,-1,SHORT,Market,0.0,31408.435999999998,0
2022-06-06 08:27:00,31430.0,12553.329284797743,1,Squared_Off,SL,-0.06072776116582187,0.0,0
2022-06-07 03:57:00,29547.5,12553.329284797743,-1,SHORT,Market,0.0,31320.35,0
2022-06-07 07:57:00,29569.0,12525.364962090678,1,Squared_Off,Market,-0.0007276419324815975,0.0,0
2022-06-07 19:57:00,31050.5,12525.364962090678,1,LONG,Market,0.0,29187.47,0
2022-06-08 07:57:00,30547.9,12303.834658324882,-2,SHORT,Market,-0.016186534838408352,32380.774,0
2022-06-10 15:57:00,29438.2,12732.334845054726,1,Squared_Off,Market,0.03632655599893939,0.0,0
2022-06-11 11:57:00,28723.9,12732.334845054726,-1,SHORT,Market,0.0,30447.334000000003,0
2022-06-11 15:57:00,28392.3,12860.223424437623,1,Squared_Off,Market,0.011544393344914937,0.0,0
2022-06-17 19:57:00,20506.6,12860.223424437623,-1,SHORT,Market,0.0,21736.996,0
2022-06-18 07:57:00,19244.9,13632.178049197435,1,Squared_Off,Market,0.06152653292110819,0.0,0
2022-06-20 23:57:00,20570.1,13632.178049197435,-1,SHORT,Market,0.0,21804.305999999997,0
2022-06-22 23:57:00,19977.4,14004.522813259087,1,Squared_Off,Market,0.02881366643817955,0.0,0
2022-06-24 15:57:00,20875.4,14004.522813259087,-1,SHORT,Market,0.0,22127.924000000003,0
2022-06-27 15:57:00,20744.0,14071.66736015919,1,Squared_Off,Market,0.006294490165457977,0.0,0
2022-06-28 11:57:00,20987.9,14071.66736015919,1,LONG,Market,0.0,19728.626,0
2022-06-28 15:57:00,20595.4,13787.402066349667,-2,SHORT,Market,-0.018701251673583347,21831.124,0
2022-06-28 19:57:00,20246.6,14000.221931463568,1,Squared_Off,Market,0.01693582062013862,0.0,0
2022-06-30 03:57:00,20062.6,14000.221931463568,-1,SHORT,Market,0.0,21266.356,0
2022-06-30 07:57:00,19423.5,14425.202769321824,1,Squared_Off,Market,0.03185529293311927,0.0,0
2022-07-01 11:57:00,19180.0,14425.202769321824,-1,SHORT,Market,0.0,20330.8,0
2022-07-03 11:57:00,19080.0,14478.774572932814,1,Squared_Off,Market,0.005213764337851929,0.0,0
2022-07-04 07:57:00,19115.2,14478.774572932814,-1,SHORT,Market,0.0,20262.112,0
2022-07-04 11:57:00,19794.2,13942.749056977127,2,LONG,Market,-0.035521469825060686,18606.548000000003,0
2022-07-05 11:57:00,19514.3,13724.677409417573,-2,SHORT,Market,-0.014140505804730752,20685.158,0
2022-07-05 23:57:00,20170.0,13242.927503660716,2,LONG,Market,-0.03360100029209353,18959.8,0
2022-07-06 07:57:00,20150.9,13210.522710059171,-2,SHORT,Market,-0.0009469509172036958,21359.954,0
2022-07-06 15:57:00,20140.1,13197.787187683072,2,LONG,Market,0.0005359562103927323,18931.694,0
2022-07-08 11:57:00,21577.7,14120.048334867308,-2,SHORT,Market,0.0713799832175611,22872.362,0
2022-07-10 23:57:00,20853.8,14572.575051763806,1,Squared_Off,Market,0.03354852463422892,0.0,0
2022-07-13 19:57:00,19644.7,14572.575051763806,-1,SHORT,Market,0.0,20823.382,0
2022-07-13 23:57:00,20220.1,14123.880468366557,2,LONG,Market,-0.029290342942371112,19006.894,0
2022-07-14 11:57:00,19728.0,13758.959375410992,-2,SHORT,Market,-0.024337169450200473,20911.68,0
2022-07-14 15:57:00,20379.3,13284.082785435206,2,LONG,Market,-0.03301399026763987,19156.542,0
2022-07-16 03:57:00,20727.3,13490.997662141846,-2,SHORT,Market,0.01707615080007655,21970.938,0
2022-07-18 06:30:00,22142.9,12549.374574509024,1,Squared_Off,SL,-0.06829640136438428,0.0,0
2022-07-18 23:57:00,22423.9,12549.374574509024,-1,SHORT,Market,0.0,23769.334000000003,0
2022-07-19 15:57:00,23116.2,12143.10979011761,2,LONG,Market,-0.03087330928161467,21729.228,0
2022-07-20 23:57:00,23221.5,12180.209989506087,-2,SHORT,Market,0.004555246969657611,24614.79,0
2022-07-21 19:57:00,23193.0,12176.888578972486,2,LONG,Market,0.0012273108972288612,21801.42,0
2022-07-22 19:57:00,22578.9,11836.205823763365,-1,Squared_Off,Market,-0.026477816582589513,0.0,0
2022-07-24 03:57:00,22326.5,11836.205823763365,1,LONG,Market,0.0,20986.91,0
2022-07-25 03:57:00,21858.0,11570.08018819937,-1,Squared_Off,Market,-0.020984032427832398,0.0,0
2022-07-26 23:57:00,21241.0,11570.08018819937,1,LONG,Market,0.0,19966.54,0
2022-07-31 23:57:00,23290.1,12668.88020720615,-1,Squared_Off,Market,0.09646909279224135,0.0,0
2022-08-02 19:57:00,22935.6,12668.88020720615,1,LONG,Market,0.0,21559.464,0
2022-08-03 03:57:00,22852.9,12604.1960940172,-1,Squared_Off,Market,-0.003605748269066303,0.0,0
2022-08-03 11:57:00,23390.9,12604.1960940172,1,LONG,Market,0.0,21987.446,0
2022-08-03 23:57:00,22801.5,12267.691367245801,-2,SHORT,Market,-0.025197833345446365,24169.59,0
2022-08-04 19:57:00,22439.1,12444.268728578367,1,Squared_Off,Market,0.01589369120452608,0.0,0
2022-08-05 03:57:00,23158.5,12444.268728578367,1,LONG,Market,0.0,21768.99,0
2022-08-08 23:57:00,23804.4,12772.678050242663,-2,SHORT,Market,0.027890407409806396,25232.664,0
2022-08-10 03:57:00,22850.2,13265.512168702811,1,Squared_Off,Market,0.04008502629765928,0.0,0
2022-08-10 11:57:00,23108.3,13265.512168702811,1,LONG,Market,0.0,21721.802,0
2022-08-11 19:57:00,24213.7,13880.1779813767,-2,SHORT,Market,0.04783562616029745,25666.522,0
2022-08-12 19:57:00,24162.0,13888.994044318577,2,LONG,Market,0.0021351548916522765,22712.28,0
2022-08-15 07:57:00,24010.8,13781.246560225818,-2,SHORT,Market,-0.006257760119195461,25451.448,0
2022-08-15 19:57:00,23972.2,13782.729558912339,1,Squared_Off,Market,0.0016076099088742793,0.0,0
2022-08-16 07:57:00,24054.1,13782.729558912339,1,LONG,Market,0.0,22610.854,0
2022-08-16 11:57:00,24027.1,13746.584767350187,-1,Squared_Off,Market,-0.0011224697660689863,0.0,0
2022-08-16 15:57:00,23886.3,13746.584767350187,-1,SHORT,Market,0.0,25319.478,0
2022-08-16 19:57:00,23919.6,13706.800713547578,1,Squared_Off,Market,-0.0013941045704022503,0.0,0
2022-08-17 03:57:00,23996.9,13706.800713547578,1,LONG,Market,0.0,22557.086000000003,0
2022-08-17 07:57:00,23774.2,13559.036393657449,-2,SHORT,Market,-0.009280365380528347,25200.652000000002,0
2022-08-17 11:57:00,23737.2,13559.799888623429,1,Squared_Off,Market,0.0015563089399432998,0.0,0
2022-08-18 07:57:00,23402.5,13559.799888623429,1,LONG,Market,0.0,21998.35,0
2022-08-18 23:57:00,23185.1,13413.494992944463,-1,Squared_Off,Market,-0.009289605811345004,0.0,0
2022-08-22 07:57:00,21089.1,13413.494992944463,-1,SHORT,Market,0.0,22354.446,0
2022-08-26 11:57:00,21179.7,13335.74959592684,1,Squared_Off,Market,-0.0042960581532641125,0.0,0
2022-08-30 15:57:00,19743.8,13335.74959592684,-1,SHORT,Market,0.0,20928.428,0
2022-08-31 03:57:00,20392.6,12877.520587471254,2,LONG,Market,-0.032860948753532716,19169.043999999998,0
2022-08-31 19:57:00,20217.7,12747.758441386557,-2,SHORT,Market,-0.008576640546080334,21430.762000000002,0
2022-09-01 15:57:00,19775.8,13007.265651479105,1,Squared_Off,Market,0.021857085622993783,0.0,0
2022-09-02 19:57:00,19899.3,13007.265651479105,-1,SHORT,Market,0.0,21093.257999999998,0
2022-09-03 07:57:00,19808.2,13047.302671815602,1,Squared_Off,Market,0.004578050484187813,0.0,0
2022-09-04 15:57:00,19781.6,13047.302671815602,1,LONG,Market,0.0,18594.703999999998,0
2022-09-05 07:57:00,19740.0,13000.293705152302,-2,SHORT,Market,-0.0021029643709304883,20924.4,0
2022-09-05 11:57:00,19692.9,13011.812202462488,1,Squared_Off,Market,0.002386018237081993,0.0,0
2022-09-06 07:57:00,19900.7,13011.812202462488,1,LONG,Market,0.0,18706.658,0
2022-09-06 19:57:00,18813.0,12281.116076735012,-2,SHORT,Market,-0.054656368871446766,19941.78,0
2022-09-06 23:57:00,18781.5,12283.2575853349,1,Squared_Off,Market,0.0016743741030138734,0.0,0
2022-09-07 15:57:00,18863.3,12283.2575853349,1,LONG,Market,0.0,17731.502,0
2022-09-09 12:36:00,21172.7,13768.649903134981,-1,Squared_Off,TP,0.12242820715357343,0.0,0
2022-09-13 11:57:00,22516.3,13768.649903134981,1,LONG,Market,0.0,21165.322,0
2022-09-13 14:00:00,21135.2,12903.45842145546,-1,Squared_Off,SL,-0.06133778640362753,0.0,0
2022-09-18 11:57:00,19915.2,12903.45842145546,-1,SHORT,Market,0.0,21110.112,0
2022-09-18 23:57:00,19404.5,13214.996030071234,1,Squared_Off,Market,0.025643729412709926,0.0,0
2022-09-19 19:57:00,19504.7,13214.996030071234,1,LONG,Market,0.0,18334.418,0
2022-09-20 11:57:00,19209.6,12995.234786469659,-2,SHORT,Market,-0.015129686690900254,20362.176,0
2022-09-21 23:57:00,18447.5,13491.30021925,1,Squared_Off,Market,0.03967287189738457,0.0,0
2022-09-22 11:57:00,19220.1,13491.30021925,1,LONG,Market,0.0,18066.894,0
2022-09-24 11:57:00,19044.7,13347.943511039719,-2,SHORT,Market,-0.00912586302880827,20187.382,0
2022-09-26 11:57:00,18864.7,13454.078995574004,2,LONG,Market,0.009451448434472582,17732.818,0
2022-09-27 19:57:00,19068.7,13579.388243484407,-2,SHORT,Market,0.010813848086638007,20212.822,0
2022-09-28 03:57:00,18736.0,13795.944723355058,1,Squared_Off,Market,0.017447440045729425,0.0,0
2022-09-28 15:57:00,19477.9,13795.944723355058,1,LONG,Market,0.0,18309.226000000002,0
2022-09-29 07:57:00,19353.1,13686.856579917352,-2,SHORT,Market,-0.006407261563105001,20514.286,0
2022-10-01 19:57:00,19257.0,13734.289924508908,1,Squared_Off,Market,0.004965612744211447,0.0,0
2022-10-05 11:57:00,20026.1,13734.289924508908,-1,SHORT,Market,0.0,21227.665999999997,0
2022-10-07 07:57:00,19916.8,13788.648561166221,1,Squared_Off,Market,0.005457877469901742,0.0,0
2022-10-13 07:57:00,19000.1,13788.648561166221,-1,SHORT,Market,0.0,20140.106,0
2022-10-13 11:57:00,18744.9,13953.167935302097,1,Squared_Off,Market,0.013431508255219557,0.0,0
2022-10-13 19:57:00,19360.9,13953.167935302097,1,LONG,Market,0.0,18199.246000000003,0
2022-10-14 15:57:00,19352.9,13926.472679549508,-2,SHORT,Market,-0.0004132039316354095,20514.074,0
2022-10-19 23:57:00,19116.7,14075.554026387941,1,Squared_Off,Market,0.012204889189733874,0.0,0
2022-10-20 23:57:00,19034.7,14075.554026387941,-1,SHORT,Market,0.0,20176.782,0
2022-10-21 07:57:00,19019.4,14065.754557747226,1,Squared_Off,Market,0.0008037951740767793,0.0,0
2022-10-21 15:57:00,19158.7,14065.754557747226,1,LONG,Market,0.0,18009.178,0
2022-10-23 07:57:00,19151.6,14039.443314545531,-2,SHORT,Market,-0.00037058881865691215,20300.696,0
2022-10-23 19:57:00,19492.2,13768.700864995179,2,LONG,Market,-0.0177844148791747,18322.668,0
2022-10-24 07:57:00,19318.4,13625.280747366734,-2,SHORT,Market,-0.008916387067647535,20477.504,0
2022-10-25 03:57:00,19332.7,13594.757026454432,2,LONG,Market,-0.0007402269339075322,18172.738,0
2022-10-31 15:57:00,20390.4,14318.139661478659,-2,SHORT,Market,0.05471041292732007,21613.824,0
2022-10-31 19:57:00,20358.8,14318.85197319754,1,Squared_Off,Market,0.0015497489014439237,0.0,0
2022-11-01 07:57:00,20590.2,14318.85197319754,1,LONG,Market,0.0,19354.788,0
2022-11-01 15:57:00,20435.6,14189.861649941613,-2,SHORT,Market,-0.00750842633874378,21661.735999999997,0
2022-11-02 15:57:00,20400.2,14193.157545208087,1,Squared_Off,Market,0.0017322711346864207,0.0,0
2022-11-07 19:57:00,20836.4,14193.157545208087,1,LONG,Market,0.0,19586.216,0
2022-11-07 23:57:00,20578.6,13996.261849360093,-2,SHORT,Market,-0.012372578756407196,21813.316,0
2022-11-08 03:57:00,20140.6,14273.167347250126,1,Squared_Off,Market,0.02128424674176086,0.0,0
2022-11-11 07:57:00,17397.3,14273.167347250126,-1,SHORT,Market,0.0,18441.138,0
2022-11-13 11:57:00,16651.8,14863.383897860824,1,Squared_Off,Market,0.042851476953320346,0.0,0
2022-11-14 07:57:00,16813.0,14863.383897860824,1,LONG,Market,0.0,15804.22,0
2022-11-14 19:57:00,16245.0,14338.95344736436,-2,SHORT,Market,-0.03378338190685779,17219.7,0
2022-11-20 11:57:00,16517.5,14076.917789467441,1,Squared_Off,Market,-0.016774392120652508,0.0,0
2022-11-23 19:57:00,16466.9,14076.917789467441,-1,SHORT,Market,0.0,17454.914,0
2022-11-26 23:57:00,16449.2,14070.933460210113,1,Squared_Off,Market,0.0010748835542816635,0.0,0
2022-11-29 23:57:00,16433.2,14070.933460210113,-1,SHORT,Market,0.0,17419.192,0
2022-11-30 03:57:00,16836.7,13704.330038673086,2,LONG,Market,-0.02455395175620086,15826.498000000001,0
2022-12-01 11:57:00,17096.9,13895.564849278462,-2,SHORT,Market,0.01545433487559918,18122.714,0
2022-12-03 23:57:00,16879.5,14051.414106993352,1,Squared_Off,Market,0.012715755487837061,0.0,0
2022-12-05 15:57:00,17073.8,14051.414106993352,-1,SHORT,Market,0.0,18098.228,0
2022-12-05 19:57:00,16919.5,14157.322964156907,1,Squared_Off,Market,0.00903723834178679,0.0,0
2022-12-09 15:57:00,17170.4,14157.322964156907,-1,SHORT,Market,0.0,18200.624000000003,0
2022-12-11 23:57:00,17077.3,14212.8497090567,1,Squared_Off,Market,0.005422121790989271,0.0,0
2022-12-12 15:57:00,16999.9,14212.8497090567,1,LONG,Market,0.0,15979.906,0
2022-12-16 11:57:00,17018.6,14207.164661139115,-2,SHORT,Market,0.0011000064706261266,18039.715999999997,0
2022-12-16 15:57:00,16961.8,14233.270678907886,1,Squared_Off,Market,0.0033375248257788113,0.0,0
2022-12-17 19:57:00,16684.2,14233.270678907886,-1,SHORT,Market,0.0,17685.252,0
2022-12-19 15:57:00,16660.2,14232.395143629134,1,Squared_Off,Market,0.001438486711978998,0.0,0
2022-12-20 07:57:00,16796.1,14232.395143629134,1,LONG,Market,0.0,15788.333999999999,0
2022-12-21 07:57:00,16809.2,14222.147007351885,-2,SHORT,Market,0.0007799429629498624,17817.752,0
2022-12-21 15:57:00,16854.6,14162.401163150631,2,LONG,Market,-0.002700901887061717,15843.323999999999,0
2022-12-21 19:57:00,16746.8,14050.576542254597,-2,SHORT,Market,-0.006395880056483054,17751.608,0
2022-12-27 19:57:00,16681.3,14084.455221802986,1,Squared_Off,Market,0.003911194974562305,0.0,0
2022-12-29 11:57:00,16593.8,14084.455221802986,1,LONG,Market,0.0,15598.171999999999,0
2022-12-30 07:57:00,16467.5,13956.127855913133,-2,SHORT,Market,-0.007611276500861724,17455.55,0
2022-12-30 11:57:00,16489.5,13916.548768861003,1,Squared_Off,Market,-0.001335964779110369,0.0,0
2022-12-31 23:57:00,16537.6,13916.548768861003,-1,SHORT,Market,0.0,17529.856,0
2023-01-04 03:57:00,16855.9,13627.821447574457,2,LONG,Market,-0.01924704914860699,15844.546000000002,0
2023-01-11 15:57:00,17325.3,13986.884778169926,-2,SHORT,Market,0.027847815898290676,18364.818,0
2023-01-11 19:57:00,17540.6,13792.09064733174,2,LONG,Market,-0.012426913242483495,16488.163999999997,0
2023-01-18 15:57:00,21035.5,16519.425817482523,-2,SHORT,Market,0.19924631996624984,22297.63,0
2023-01-18 23:57:00,20680.0,16773.825014337344,1,Squared_Off,Market,0.01690000237693423,0.0,0
2023-01-19 15:57:00,20870.7,16773.825014337344,1,LONG,Market,0.0,19618.458000000002,0
2023-01-24 15:57:00,22924.0,18398.905758986482,-2,SHORT,Market,0.0983819421485623,24299.44,0
2023-01-24 23:57:00,22627.4,18609.359897648446,1,Squared_Off,Market,0.012938405164892626,0.0,0
2023-01-25 19:57:00,22743.4,18609.359897648446,1,LONG,Market,0.0,21378.796000000002,0
2023-01-30 19:57:00,22783.7,18614.42057591251,-1,Squared_Off,Market,0.0017719426295100674,0.0,0
2023-01-31 07:57:00,22967.7,18614.42057591251,1,LONG,Market,0.0,21589.638,0
2023-02-02 23:57:00,23493.1,19012.315050735517,-2,SHORT,Market,0.022875603565006414,24902.685999999998,0
2023-02-03 15:57:00,23601.1,18896.39516985317,2,LONG,Market,-0.004597094466034709,22185.034,0
2023-02-03 19:57:00,23308.2,18633.538027037168,-2,SHORT,Market,-0.012410438496510664,24706.692,0
2023-02-04 15:57:00,23420.1,18516.13023699812,2,LONG,Market,-0.0048008855252656924,22014.894,0
2023-02-05 15:57:00,23094.2,18230.69673001553,-2,SHORT,Market,-0.0139153974577392,24479.852,0
2023-02-05 19:57:00,22889.5,18364.942063735718,1,Squared_Off,Market,0.008863697378562614,0.0,0
2023-02-06 15:57:00,23040.5,18364.942063735718,1,LONG,Market,0.0,21658.07,0
2023-02-06 23:57:00,22757.7,18111.982631993626,-2,SHORT,Market,-0.012274039191857784,24123.162,0
2023-02-07 03:57:00,22870.9,17994.72310951737,1,Squared_Off,Market,-0.004974140620537256,0.0,0
2023-02-07 11:57:00,22970.4,17994.72310951737,1,LONG,Market,0.0,21592.176000000003,0
2023-02-09 03:57:00,22511.6,17608.312862233088,-1,Squared_Off,Market,-0.019973531153136336,0.0,0
2023-02-13 23:57:00,21766.2,17608.312862233088,1,LONG,Market,0.0,20460.228,0
2023-02-21 11:57:00,24572.6,19852.207989882285,-2,SHORT,Market,0.1289338515680274,26046.956,0
2023-02-22 03:57:00,24198.8,20124.42276558936,1,Squared_Off,Market,0.01521206547129727,0.0,0
2023-02-23 03:57:00,24444.3,20124.42276558936,1,LONG,Market,0.0,22977.642,0
2023-02-23 11:57:00,23767.6,19537.124785013613,-2,SHORT,Market,-0.027683345401586495,25193.656,0
2023-02-24 15:57:00,23337.2,19861.610751493587,1,Squared_Off,Market,0.018108685773910612,0.0,0
2023-02-25 23:57:00,23146.2,19861.610751493587,1,LONG,Market,0.0,21757.428,0
2023-02-27 19:57:00,23262.5,19931.614644496945,-2,SHORT,Market,0.005024582868894215,24658.25,0
2023-02-28 03:57:00,23454.3,19737.38047072732,2,LONG,Market,-0.008245029554003193,22047.042,0
2023-02-28 23:57:00,23129.6,19434.53122333955,-2,SHORT,Market,-0.013843943328089124,24517.375999999997,0
2023-03-01 07:57:00,23709.6,18918.037314685185,2,LONG,Market,-0.025076092971776428,22287.023999999998,0
2023-03-01 19:57:00,23342.9,18597.06804782411,-2,SHORT,Market,-0.015466309005634726,24743.474000000002,0
2023-03-03 03:57:00,22306.3,19395.02187912931,1,Squared_Off,Market,0.0444075072077592,0.0,0
2023-03-06 03:57:00,22378.0,19395.02187912931,-1,SHORT,Market,0.0,23720.68,0
2023-03-06 15:57:00,22543.6,19222.403757643897,2,LONG,Market,-0.007400125122888486,21190.984,0
2023-03-06 23:57:00,22397.1,19068.65300698646,-2,SHORT,Market,-0.00649851842651573,23740.926,0
2023-03-07 19:57:00,22118.6,19277.16196886329,1,Squared_Off,Market,0.012434645556790835,0.0,0
2023-03-08 15:57:00,22129.5,19277.16196886329,1,LONG,Market,0.0,20801.73,0
2023-03-08 19:57:00,21993.7,19129.94989768877,-1,Squared_Off,Market,-0.006136604984296946,0.0,0
2023-03-08 23:57:00,21695.4,19129.94989768877,-1,SHORT,Market,0.0,22997.124,0
2023-03-09 03:57:00,21762.6,19042.001276983916,1,Squared_Off,Market,-0.003097430791780612,0.0,0
2023-03-20 03:57:00,27264.3,19042.001276983916,-1,SHORT,Market,0.0,28900.158,0
2023-03-20 11:57:00,28176.8,18376.127720047854,2,LONG,Market,-0.03346867515395591,26486.192,0
2023-03-20 19:57:00,27769.5,18082.933761412067,-2,SHORT,Market,-0.014455154595269842,29435.67,0
2023-03-21 11:57:00,28026.1,17888.716658230172,2,LONG,Market,-0.009240353625380312,26344.534,0
2023-03-22 19:57:00,26654.1,16986.1527732089,-2,SHORT,Market,-0.048954367535975395,28253.345999999998,0
2023-03-22 23:57:00,27233.8,16591.24172070374,1,Squared_Off,Market,-0.021748999215880513,0.0,0
2023-03-25 15:57:00,27631.4,16591.24172070374,1,LONG,Market,0.0,25973.516000000003,0
2023-03-25 19:57:00,27179.5,16295.012033163179,-1,Squared_Off,Market,-0.016354582105865118,0.0,0
2023-03-26 03:57:00,27517.3,16295.012033163179,1,LONG,Market,0.0,25866.262,0
2023-03-27 15:57:00,26887.3,15897.500297534209,-1,Squared_Off,Market,-0.022894688068960254,0.0,0
2023-03-28 15:57:00,26984.9,15897.500297534209,1,LONG,Market,0.0,25365.806,0
2023-03-30 15:57:00,28282.8,16638.280398720475,-2,SHORT,Market,0.04809726921352304,29979.768,0
2023-03-31 15:57:00,28488.5,16492.313237997063,2,LONG,Market,-0.007272971558685871,26779.19,0
2023-04-03 03:57:00,27738.1,16033.159763706944,-1,Squared_Off,Market,-0.02634045316531237,0.0,0
2023-04-03 11:57:00,28243.4,16033.159763706944,1,LONG,Market,0.0,26548.796000000002,0
2023-04-03 23:57:00,27786.1,15749.51082708286,-2,SHORT,Market,-0.016191393387481778,29453.266,0
2023-04-04 07:57:00,28013.2,15597.163425575662,2,LONG,Market,-0.00817315132386345,26332.408,0
2023-04-05 15:57:00,28014.9,15574.714204855198,-2,SHORT,Market,6.068567675241413e-05,29695.794,0
2023-04-06 19:57:00,28005.0,15556.85597866705,2,LONG,Market,0.00035338337813097513,26324.7,0
2023-04-07 07:57:00,27822.0,15431.863681876479,-1,Squared_Off,Market,-0.006534547402249598,0.0,0
2023-04-07 19:57:00,27886.4,15431.863681876479,1,LONG,Market,0.0,26213.216,0
2023-04-17 03:57:00,29966.5,16559.808162325866,-2,SHORT,Market,0.07459191577256291,31764.49,0
2023-04-17 07:57:00,29831.1,16609.7919371489,1,Squared_Off,Market,0.004518378856389684,0.0,0
2023-04-18 07:57:00,29756.8,16609.7919371489,1,LONG,Market,0.0,27971.392,0
2023-04-19 07:57:00,30064.8,16756.798151915573,-2,SHORT,Market,0.010350575330680718,31868.688,0
2023-04-19 11:57:00,29299.9,17157.9845968207,1,Squared_Off,Market,0.02544171256752075,0.0,0
2023-04-24 03:57:00,27780.0,17157.9845968207,1,LONG,Market,0.0,26113.2,0
2023-04-24 11:57:00,27540.0,16984.0144916592,-2,SHORT,Market,-0.008639308855291577,29192.4,0
2023-04-24 15:57:00,27256.0,17133.682264970048,1,Squared_Off,Market,0.010312273057371096,0.0,0
2023-04-25 07:57:00,27252.3,17133.682264970048,-1,SHORT,Market,0.0,28887.438,0
2023-04-25 19:57:00,27596.1,16891.832647268748,2,LONG,Market,-0.012615448971279463,25940.334,0
2023-04-26 23:57:00,28395.9,17356.060008994125,-2,SHORT,Market,0.028982356202506984,30099.654000000002,0
2023-04-27 07:57:00,28880.0,17034.135714748543,2,LONG,Market,-0.01704823583686372,27147.2,0
2023-05-01 03:57:00,28545.6,16811.347150268804,-1,Squared_Off,Market,-0.011578947368421104,0.0,0
2023-05-03 11:57:00,28535.1,16811.347150268804,-1,SHORT,Market,0.0,30247.206,0
2023-05-03 23:57:00,29018.4,16501.395747055696,2,LONG,Market,-0.016937035440562777,27277.296000000002,0
2023-05-04 15:57:00,28850.0,16380.882514164712,-2,SHORT,Market,-0.005803214512171638,30581.0,0
2023-05-05 03:57:00,29187.0,16164.964313191611,2,LONG,Market,-0.011681109185441942,27435.78,0
2023-05-07 03:57:00,28790.8,15921.284966873036,-1,Squared_Off,Market,-0.0135745366087642,0.0,0
2023-05-07 07:57:00,28891.9,15921.284966873036,1,LONG,Market,0.0,27158.386000000002,0
2023-05-07 23:57:00,28419.4,15637.025316017636,-2,SHORT,Market,-0.016354064634032377,30124.564000000002,0
2023-05-08 03:57:00,28188.0,15740.891525094092,1,Squared_Off,Market,0.008142325312990473,0.0,0
2023-05-10 15:57:00,28141.2,15740.891525094092,1,LONG,Market,0.0,26452.728,0
2023-05-10 23:57:00,27582.9,15404.992874598058,-2,SHORT,Market,-0.019839239264850088,29237.874,0
2023-05-11 11:57:00,27393.2,15487.832444816206,1,Squared_Off,Market,0.006877449434250957,0.0,0
2023-05-12 23:57:00,26785.1,15487.832444816206,1,LONG,Market,0.0,25177.994,0
2023-05-13 23:57:00,26762.7,15451.648441098083,-2,SHORT,Market,-0.0008362858454886418,28368.462,0
2023-05-17 11:57:00,26626.5,15507.107074572123,1,Squared_Off,Market,0.00508917261711265,0.0,0
2023-05-17 19:57:00,27377.1,15507.107074572123,1,LONG,Market,0.0,25734.474,0
2023-05-18 15:57:00,27075.2,15312.842340270454,-2,SHORT,Market,-0.011027464559796247,28699.712,0
2023-05-18 19:57:00,26719.3,15491.158407575787,1,Squared_Off,Market,0.013144870582673496,0.0,0
2023-05-19 15:57:00,26869.9,15491.158407575787,1,LONG,Market,0.0,25257.706000000002,0
2023-05-19 19:57:00,26826.4,15442.84284977047,-2,SHORT,Market,-0.0016189118679265646,28435.984,0
2023-05-21 23:57:00,26732.8,15473.560212950058,1,Squared_Off,Market,0.0034891002892673702,0.0,0
2023-05-23 19:57:00,27171.6,15473.560212950058,-1,SHORT,Market,0.0,28801.895999999997,0
2023-05-24 07:57:00,26664.2,15739.301736048717,1,Squared_Off,Market,0.018673909523178534,0.0,0
2023-05-25 15:57:00,26216.9,15739.301736048717,1,LONG,Market,0.0,24643.886000000002,0
2023-05-27 11:57:00,26687.7,15998.337308820708,-2,SHORT,Market,0.017957882129466078,28288.962,0
2023-05-29 00:18:00,28387.2,14955.54933922289,1,Squared_Off,SL,-0.06368102159421755,0.0,0
2023-05-29 15:57:00,27622.1,14955.54933922289,-1,SHORT,Market,0.0,29279.426,0
2023-05-31 11:57:00,27087.9,15222.35015950478,1,Squared_Off,Market,0.01933958678015057,0.0,0
2023-06-02 03:57:00,26985.1,15222.35015950478,1,LONG,Market,0.0,25365.994,0
2023-06-03 07:57:00,27161.3,15298.911415018782,-2,SHORT,Market,0.006529529258739109,28790.978,0
2023-06-05 03:57:00,26835.9,15459.248302079488,1,Squared_Off,Market,0.011980280767120786,0.0,0
2023-06-06 15:57:00,26051.2,15459.248302079488,1,LONG,Market,0.0,24488.128,0
2023-06-07 11:57:00,26888.3,15932.809550683007,-2,SHORT,Market,0.0321328767964623,28501.597999999998,0
2023-06-10 03:57:00,26312.6,16250.04452700229,1,Squared_Off,Market,0.021410799492716192,0.0,0
2023-06-11 07:57:00,25728.0,16250.04452700229,-1,SHORT,Market,0.0,27271.68,0
2023-06-13 03:57:00,26054.6,16019.385857035522,2,LONG,Market,-0.012694340796019844,24491.324,0
2023-06-13 15:57:00,25750.9,15808.630154744651,-2,SHORT,Market,-0.011656291019627901,27295.954,0
2023-06-14 23:57:00,25115.9,16174.747473630016,1,Squared_Off,Market,0.024659332295181916,0.0,0
2023-06-15 19:57:00,25443.0,16174.747473630016,1,LONG,Market,0.0,23916.42,0
2023-06-17 19:57:00,26466.2,16800.959023567557,-2,SHORT,Market,0.04021538340604491,28054.172000000002,0
2023-06-19 15:57:00,26431.1,16798.039350519026,2,LONG,Market,0.00132621985778095,24845.234,0
2023-06-21 15:15:00,29654.1,18821.189913299488,-1,Squared_Off,TP,0.121939684689627,0.0,0
2023-06-25 03:57:00,30742.0,18821.189913299488,1,LONG,Market,0.0,28897.48,0
2023-06-26 19:57:00,30233.9,18481.88381332488,-2,SHORT,Market,-0.01652787717129655,32047.934,0
2023-06-26 23:57:00,30260.1,18438.14501361844,1,Squared_Off,Market,-0.0008665769219319072,0.0,0
2023-06-27 03:57:00,30360.0,18438.14501361844,1,LONG,Market,0.0,28538.4,0
2023-06-28 07:57:00,30176.0,18298.74146268214,-1,Squared_Off,Market,-0.006060606060606061,0.0,0
2023-07-02 19:57:00,30552.8,18298.74146268214,1,LONG,Market,0.0,28719.631999999998,0
2023-07-05 11:57:00,30395.0,18176.783472414383,-1,Squared_Off,Market,-0.005164829410070412,0.0,0
2023-07-06 03:57:00,30477.7,18176.783472414383,1,LONG,Market,0.0,28649.038,0
2023-07-06 15:57:00,30390.3,18097.393272171426,-2,SHORT,Market,-0.0028676704606975414,32213.718,0
2023-07-06 19:57:00,30294.6,18127.236436602445,1,Squared_Off,Market,0.0031490311053198137,0.0,0
2023-07-07 15:57:00,30375.4,18127.236436602445,1,LONG,Market,0.0,28552.876,0
2023-07-12 15:57:00,30510.2,18180.490661572963,-2,SHORT,Market,0.004437801642118269,32340.812,0
2023-07-13 11:57:00,30530.6,18141.063924980936,2,LONG,Market,-0.0006686288519904103,28698.764,0
2023-07-14 19:57:00,30099.9,17857.93347284795,-1,Squared_Off,Market,-0.014107158064368113,0.0,0
2023-07-15 19:57:00,30309.7,17857.93347284795,1,LONG,Market,0.0,28491.118000000002,0
2023-07-16 03:57:00,30174.1,17751.25347640486,-1,Squared_Off,Market,-0.004473815313249626,0.0,0
2023-07-16 11:57:00,30293.6,17751.25347640486,1,LONG,Market,0.0,28475.984,0
2023-07-17 11:57:00,30145.0,17637.550901436454,-2,SHORT,Market,-0.004905326537618459,31953.7,0
2023-07-17 19:57:00,29870.0,17771.99444232248,1,Squared_Off,Market,0.00912257422458119,0.0,0
2023-07-20 15:57:00,29792.8,17771.99444232248,-1,SHORT,Market,0.0,31580.368,0
2023-07-20 19:57:00,29744.4,17774.208007914724,1,Squared_Off,Market,0.0016245535834160541,0.0,0
2023-07-21 15:57:00,29852.0,17774.208007914724,1,LONG,Market,0.0,28060.88,0
2023-07-24 03:57:00,29705.6,17660.37853121175,-2,SHORT,Market,-0.004904194023851047,31487.935999999998,0
2023-07-24 11:57:00,29259.6,17899.040958975384,1,Squared_Off,Market,0.015014004093504256,0.0,0
2023-07-26 07:57:00,29205.3,17899.040958975384,-1,SHORT,Market,0.0,30957.618,0
2023-07-26 15:57:00,29307.2,17809.740983796277,2,LONG,Market,-0.0034890927331683447,27548.768,0
2023-07-29 11:57:00,29253.2,17750.211022743515,-2,SHORT,Market,-0.0018425506360211824,31008.392,0
2023-07-30 15:57:00,29337.1,17672.676995203146,2,LONG,Market,-0.002868062297457981,27576.874,0
2023-07-30 19:57:00,29187.2,17555.86817906267,-2,SHORT,Market,-0.0051095711573399495,30938.432,0
2023-07-31 03:57:00,29411.8,17394.43926684802,2,LONG,Market,-0.007695154040127129,27647.092,0
2023-07-31 15:57:00,29231.3,17261.598062266556,-2,SHORT,Market,-0.006136992635608837,30985.178,0
2023-07-31 19:57:00,29146.5,17285.781560384115,1,Squared_Off,Market,0.0029009999555270984,0.0,0
2023-08-01 19:57:00,29263.6,17285.781560384115,1,LONG,Market,0.0,27507.784,0
2023-08-02 15:57:00,29312.6,17288.796808014387,-2,SHORT,Market,0.0016744351344332208,31071.356,0
2023-08-04 19:57:00,29021.0,17434.851534352038,1,Squared_Off,Market,0.009947940476109201,0.0,0
2023-08-06 15:57:00,29001.0,17434.851534352038,-1,SHORT,Market,0.0,30741.06,0
2023-08-07 15:57:00,28853.2,17497.5538157477,1,Squared_Off,Market,0.0050963759870349045,0.0,0
2023-08-07 23:57:00,29202.7,17497.5538157477,1,LONG,Market,0.0,27450.538,0
2023-08-09 19:57:00,29404.2,17592.041427223707,-2,SHORT,Market,0.00690004691347033,31168.452,0
2023-08-11 15:57:00,29383.0,17578.336970766995,1,Squared_Off,Market,0.000720985437454538,0.0,0
2023-08-14 23:57:00,29419.5,17578.336970766995,-1,SHORT,Market,0.0,31184.67,0
2023-08-15 11:57:00,29357.1,17589.253859232424,1,Squared_Off,Market,0.0021210421659104152,0.0,0
2023-08-21 07:57:00,26012.0,17589.253859232424,-1,SHORT,Market,0.0,27572.72,0
2023-08-22 15:57:00,25923.0,17623.051571303473,1,Squared_Off,Market,0.00342149777025988,0.0,0
2023-08-24 15:57:00,25987.3,17623.051571303473,-1,SHORT,Market,0.0,27546.538,0
2023-08-25 15:57:00,25917.4,17644.019044364763,1,Squared_Off,Market,0.0026897753902867102,0.0,0
2023-08-26 15:57:00,26040.2,17644.019044364763,-1,SHORT,Market,0.0,27602.612,0
2023-08-28 07:57:00,25923.0,17696.964043056054,1,Squared_Off,Market,0.004500733481309695,0.0,0
2023-08-28 15:57:00,26093.3,17696.964043056054,1,LONG,Market,0.0,24527.701999999997,0
2023-08-29 07:57:00,25992.0,17601.7150425326,-2,SHORT,Market,-0.003882222639528127,27551.52,0
2023-08-29 11:57:00,25962.2,17595.492952743018,1,Squared_Off,Market,0.0011465066174207168,0.0,0
2023-08-29 15:57:00,27411.4,17595.492952743018,1,LONG,Market,0.0,25766.716,0
2023-08-30 07:57:00,27427.2,17579.24179976893,-2,SHORT,Market,0.0005764025186600929,29072.832000000002,0
2023-08-31 23:57:00,25928.0,18513.77304011347,1,Squared_Off,Market,0.05466106638665269,0.0,0
2023-09-04 11:57:00,25878.0,18513.77304011347,-1,SHORT,Market,0.0,27430.68,0
2023-09-05 03:57:00,25681.8,18626.36880262882,1,Squared_Off,Market,0.007581729654532836,0.0,0
2023-09-05 15:57:00,25747.9,18626.36880262882,1,LONG,Market,0.0,24203.026,0
2023-09-05 19:57:00,25670.4,18542.36473223304,-2,SHORT,Market,-0.003009954209857891,27210.624,0
2023-09-06 15:57:00,25576.3,18582.52194216626,1,Squared_Off,Market,0.0036657005734231714,0.0,0
2023-09-07 11:57:00,25695.5,18582.52194216626,-1,SHORT,Market,0.0,27237.23,0
2023-09-07 19:57:00,25867.1,18430.550135658385,2,LONG,Market,-0.006678212138312099,24315.074,0
2023-09-08 11:57:00,25828.9,18375.686453981536,-2,SHORT,Market,-0.0014767793838504158,27378.634000000002,0
2023-09-10 23:57:00,25828.4,18348.47864379412,2,LONG,Market,1.9358160819856825e-05,24278.696,0
2023-09-11 03:57:00,25727.4,18249.205591195885,-2,SHORT,Market,-0.003910424184231311,27271.044,0
2023-09-11 11:57:00,25591.9,18317.945939607176,1,Squared_Off,Market,0.005266758397661637,0.0,0
2023-09-12 03:57:00,25788.2,18317.945939607176,1,LONG,Market,0.0,24240.908,0
2023-09-12 23:57:00,25825.8,18317.177157261354,-2,SHORT,Market,0.0014580311925608822,27375.347999999998,0
2023-09-13 11:57:00,26184.7,18035.14839097016,2,LONG,Market,-0.01389695575742093,24613.618000000002,0
2023-09-16 11:57:00,26510.7,18232.633599903114,-2,SHORT,Market,0.01245001852226682,28101.342,0
2023-09-18 03:57:00,26646.2,18112.095037279258,2,LONG,Market,-0.0051111438023137825,25047.428,0
2023-09-20 19:57:00,26916.6,18268.72460314256,-2,SHORT,Market,0.010147788427618114,28531.595999999998,0
2023-09-21 11:57:00,26722.7,18372.924530754884,1,Squared_Off,Market,0.007203733012341745,0.0,0
2023-09-22 19:57:00,26525.1,18372.924530754884,-1,SHORT,Market,0.0,28116.606,0
2023-09-23 03:57:00,26519.1,18349.52111498938,1,Squared_Off,Market,0.00022620084372914712,0.0,0
2023-09-24 03:57:00,26559.9,18349.52111498938,-1,SHORT,Market,0.0,28153.494000000002,0
2023-09-24 19:57:00,26432.5,18410.014069452936,1,Squared_Off,Market,0.004796704806870562,0.0,0
2023-09-25 19:57:00,26318.6,18410.014069452936,1,LONG,Market,0.0,24739.484,0
2023-09-26 11:57:00,26262.4,18343.086820847933,-2,SHORT,Market,-0.0021353719422764544,27838.144,0
2023-09-26 15:57:00,26114.8,18418.664048739196,1,Squared_Off,Market,0.00562020226635807,0.0,0
2023-09-27 19:57:00,26258.6,18418.664048739196,-1,SHORT,Market,0.0,27834.115999999998,0
2023-10-01 22:15:00,28225.7,17011.246039098154,1,Squared_Off,SL,-0.07491260006245581,0.0,0
2023-10-02 19:57:00,27955.3,17011.246039098154,-1,SHORT,Market,0.0,29632.618,0
2023-10-04 03:57:00,27416.3,17313.719269057365,2,LONG,Market,0.019280780388691948,25771.322,0
2023-10-09 11:57:00,27455.9,17312.756560765592,-1,Squared_Off,Market,0.0014443962168491805,0.0,0
2023-10-09 23:57:00,27578.3,17312.756560765592,1,LONG,Market,0.0,25923.602,0
2023-10-10 15:57:00,27395.5,17172.03155267236,-1,Squared_Off,Market,-0.006628399865111312,0.0,0
2023-10-12 15:57:00,26665.4,17172.03155267236,-1,SHORT,Market,0.0,28265.324,0
2023-10-12 19:57:00,26700.3,17123.798541488013,1,Squared_Off,Market,-0.0013088121685779256,0.0,0
2023-10-13 15:57:00,26693.0,17123.798541488013,-1,SHORT,Market,0.0,28294.58,0
2023-10-14 03:57:00,26918.2,16953.64502696192,2,LONG,Market,-0.008436668789570327,25303.108,0
2023-10-14 11:57:00,26860.1,16891.621964966183,-2,SHORT,Market,-0.0021583909771085057,28471.706,0
2023-10-14 15:57:00,26927.9,16823.646866141662,2,LONG,Market,-0.0025241901556585012,25312.226000000002,0
2023-10-14 23:57:00,26836.3,16741.182794542732,-2,SHORT,Market,-0.003401676328269274,28446.478,0
2023-10-16 13:27:00,29466.7,15075.159001079812,1,Squared_Off,SL,-0.09801649258653397,0.0,0
2023-10-19 07:57:00,28315.0,15075.159001079812,1,LONG,Market,0.0,26616.1,0
2023-10-24 02:24:00,35206.6,18721.69568061957,-1,Squared_Off,TP,0.24339042910118305,0.0,0
2023-10-27 03:57:00,34124.0,18721.69568061957,1,LONG,Market,0.0,32076.56,0
2023-10-27 19:57:00,33705.5,18464.008470519715,-1,Squared_Off,Market,-0.012264095651154612,0.0,0
2023-10-28 03:57:00,34068.5,18464.008470519715,1,LONG,Market,0.0,32024.39,0
2023-11-02 15:57:00,34645.2,18748.86492372669,-2,SHORT,Market,0.016927660448801594,36723.912,0
2023-11-03 11:57:00,34265.5,18926.223020922138,1,Squared_Off,Market,0.01095967118100046,0.0,0
2023-11-03 19:57:00,34518.1,18926.223020922138,1,LONG,Market,0.0,32447.014,0
2023-11-07 11:57:00,34633.3,18960.99767548663,-1,Squared_Off,Market,0.0033373795197303552,0.0,0
2023-11-07 19:57:00,35473.4,18960.99767548663,1,LONG,Market,0.0,33344.996,0
2023-11-13 11:57:00,36838.3,19662.113135094653,-1,Squared_Off,Market,0.03847671776598807,0.0,0
2023-11-15 11:57:00,36254.4,19662.113135094653,1,LONG,Market,0.0,34079.136,0
2023-11-16 11:57:00,37272.1,20184.556627909824,-2,SHORT,Market,0.028071075510834466,39508.426,0
2023-11-17 07:57:00,36252.0,20706.710866509045,2,LONG,Market,0.027368997185562353,34076.88,0
2023-11-21 23:57:00,35737.0,20381.488930622716,-1,Squared_Off,Market,-0.01420611276619221,0.0,0
2023-11-22 11:57:00,36465.9,20381.488930622716,1,LONG,Market,0.0,34277.946,0
2023-11-23 15:57:00,36954.1,20623.781014189477,-2,SHORT,Market,0.013387850018784592,39171.346,0
2023-11-24 03:57:00,37314.0,20391.988095786066,2,LONG,Market,-0.009739108786305213,35075.16,0
2023-11-27 03:57:00,37295.8,20351.45386871171,-1,Squared_Off,Market,-0.0004877525861606124,0.0,0
2023-11-27 23:57:00,37234.3,20351.45386871171,1,LONG,Market,0.0,35000.242000000006,0
2023-11-29 15:57:00,37817.6,20639.7457080492,-2,SHORT,Market,0.015665663111700652,40086.655999999995,0
2023-11-30 03:57:00,38034.5,20490.408380587676,2,LONG,Market,-0.00573542477576582,35752.43,0
2023-12-11 03:57:00,42312.8,22764.53057276428,-1,Squared_Off,Market,0.1124847178219775,0.0,0
2023-12-16 07:57:00,42243.1,22764.53057276428,1,LONG,Market,0.0,39708.513999999996,0
2023-12-17 03:57:00,41947.2,22570.92520032148,-1,Squared_Off,Market,-0.007004694257760474,0.0,0
2023-12-17 19:57:00,42136.5,22570.92520032148,1,LONG,Market,0.0,39608.31,0
2023-12-17 23:57:00,41396.5,22140.678873911053,-1,Squared_Off,Market,-0.017561971212606647,0.0,0
2023-12-18 19:57:00,41715.4,22140.678873911053,1,LONG,Market,0.0,39212.476,0
2023-12-19 15:57:00,42512.8,22530.692308297672,-2,SHORT,Market,0.019115242812007112,45063.568,0
2023-12-20 07:57:00,42950.0,22265.191496750704,2,LONG,Market,-0.010283961536290178,40373.0,0
2023-12-22 07:57:00,43614.1,22576.061781053708,-2,SHORT,Market,0.01546216530849822,46230.945999999996,0
2023-12-22 23:57:00,43999.2,22342.857534810602,2,LONG,Market,-0.008829713326653504,41359.248,0
2023-12-24 23:57:00,43008.4,21806.213572389497,-1,Squared_Off,Market,-0.022518591247113487,0.0,0
2023-12-25 15:57:00,43661.0,21806.213572389497,1,LONG,Market,0.0,41041.34,0
2023-12-26 07:57:00,42798.7,21342.83390633403,-2,SHORT,Market,-0.01974989120725597,45366.621999999996,0
2023-12-26 11:57:00,42719.9,21350.115599319062,1,Squared_Off,Market,0.0018411774189401931,0.0,0
2023-12-27 07:57:00,42495.9,21350.115599319062,1,LONG,Market,0.0,39946.146,0
2023-12-29 19:57:00,42152.8,21145.715569472137,-1,Squared_Off,Market,-0.008073720052993312,0.0,0
2023-12-30 15:57:00,42410.3,21145.715569472137,1,LONG,Market,0.0,39865.682,0
2023-12-30 23:57:00,42174.2,20996.277870199167,-1,Squared_Off,Market,-0.00556704385491274,0.0,0
